<?xml version="1.0" encoding="UTF-8"?>
<simplicite xmlns:xsi="http://www.w3.org/2001/XMLSchema-instance" xmlns="http://www.simplicite.fr/base" xsi:schemaLocation="http://www.simplicite.fr/base https://www.simplicite.io/resources/schemas/base.xsd">
<object>
	<name>BookRoomEquipment</name>
	<action>upsert</action>
	<data>
		<bookEquLibell><![CDATA[Armoire ou penderie]]></bookEquLibell>
		<bookEquCode>REQU001</bookEquCode>
	</data>
	<data>
		<bookEquLibell><![CDATA[Gel hydroalcoolique]]></bookEquLibell>
		<bookEquCode>REQU002</bookEquCode>
	</data>
	<data>
		<bookEquLibell><![CDATA[Minibar]]></bookEquLibell>
		<bookEquCode>REQU003</bookEquCode>
	</data>
	<data>
		<bookEquLibell><![CDATA[Coffre-fort]]></bookEquLibell>
		<bookEquCode>REQU004</bookEquCode>
	</data>
	<data>
		<bookEquLibell><![CDATA[Bureau]]></bookEquLibell>
		<bookEquCode>REQU005</bookEquCode>
	</data>
	<data>
		<bookEquLibell><![CDATA[Téléphone]]></bookEquLibell>
		<bookEquCode>REQU006</bookEquCode>
	</data>
	<data>
		<bookEquLibell><![CDATA[Portant]]></bookEquLibell>
		<bookEquCode>REQU007</bookEquCode>
	</data>
	<data>
		<bookEquLibell><![CDATA[Matériel de repassage]]></bookEquLibell>
		<bookEquCode>REQU008</bookEquCode>
	</data>
	<data>
		<bookEquLibell><![CDATA[Moquette]]></bookEquLibell>
		<bookEquCode>REQU009</bookEquCode>
	</data>
</object>
<object>
	<name>BookPaymentMethod</name>
	<action>upsert</action>
	<data>
		<bookPaymCode>PAYM002</bookPaymCode>
		<bookPaymLibell>Paiement direct à l'hotel</bookPaymLibell>
	</data>
	<data>
		<bookPaymCode>PAYM003</bookPaymCode>
		<bookPaymLibell>Carte VISA</bookPaymLibell>
	</data>
	<data>
		<bookPaymCode>PAYM004</bookPaymCode>
		<bookPaymLibell>MasterCard</bookPaymLibell>
	</data>
	<data>
		<bookPaymCode>PAYM005</bookPaymCode>
		<bookPaymLibell>Carte bleue</bookPaymLibell>
	</data>
	<data>
		<bookPaymCode>PAYM006</bookPaymCode>
		<bookPaymLibell>Virement bancaire</bookPaymLibell>
	</data>
	<data>
		<bookPaymCode>PAYM007</bookPaymCode>
		<bookPaymLibell>Paypal</bookPaymLibell>
	</data>
</object>
<object>
	<name>BookRoomService</name>
	<action>upsert</action>
	<data>
		<bookRservCode>RSERV001</bookRservCode>
		<bookRservLibell>Parking</bookRservLibell>
	</data>
	<data>
		<bookRservCode>RSERV002</bookRservCode>
		<bookRservLibell>Connexion Wi-Fi gratuite</bookRservLibell>
	</data>
	<data>
		<bookRservCode>RSERV003</bookRservCode>
		<bookRservLibell>Chambres non-fumeurs</bookRservLibell>
	</data>
	<data>
		<bookRservCode>RSERV004</bookRservCode>
		<bookRservLibell>Réception ouvertes 24h/24</bookRservLibell>
	</data>
	<data>
		<bookRservCode>RSERV005</bookRservCode>
		<bookRservLibell>Services d'étage</bookRservLibell>
	</data>
	<data>
		<bookRservCode>RSERV006</bookRservCode>
		<bookRservLibell>Bar</bookRservLibell>
	</data>
	<data>
		<bookRservCode>RSERV007</bookRservCode>
		<bookRservLibell>Climatisation</bookRservLibell>
	</data>
	<data>
		<bookRservCode>RSERV008</bookRservCode>
		<bookRservLibell>Télévision à écran plat</bookRservLibell>
	</data>
</object>
<object>
	<name>BookRoomType</name>
	<action>upsert</action>
	<data>
		<bookRoomtypCode>RTYP001</bookRoomtypCode>
		<bookRoomtypType><![CDATA[Chambre simple]]></bookRoomtypType>
	</data>
	<data>
		<bookRoomtypCode>RTYP002</bookRoomtypCode>
		<bookRoomtypType><![CDATA[Chambre double]]></bookRoomtypType>
	</data>
	<data>
		<bookRoomtypCode>RTYP003</bookRoomtypCode>
		<bookRoomtypType><![CDATA[Chambre triple]]></bookRoomtypType>
	</data>
</object>
<object>
	<name>BookRoom</name>
	<action>upsert</action>
	<data>
		<bookRoomCode>ROOM012</bookRoomCode>
		<bookRoomLabel>Room1</bookRoomLabel>
		<BookRoom_BookRoomType_id.bookRoomtypCode>RTYP002</BookRoom_BookRoomType_id.bookRoomtypCode>
		<BookRoom_BookRoomType_id.bookRoomtypType><![CDATA[Chambre double]]></BookRoom_BookRoomType_id.bookRoomtypType>
		<bookRoomDesc><![CDATA[<p>Cette chambre situ&eacute;e c&ocirc;t&eacute; rue comporte une t&eacute;l&eacute;vision par satellite, une connexion Wi-Fi gratuite et une salle de bains privative.</p>]]></bookRoomDesc>
		<bookRoomSuperficie>15</bookRoomSuperficie>
		<bookRoomFloor>0</bookRoomFloor>
		<bookRoomPhoto>BookRoom/bookRoomPhoto/0/1/rooms-best-room-1-1_800.jpg</bookRoomPhoto>
		<bookRoomPriceht>108</bookRoomPriceht>
	</data>
	<data>
		<bookRoomCode>ROOM015</bookRoomCode>
		<bookRoomLabel>Room 2</bookRoomLabel>
		<BookRoom_BookRoomType_id.bookRoomtypCode>RTYP002</BookRoom_BookRoomType_id.bookRoomtypCode>
		<BookRoom_BookRoomType_id.bookRoomtypType><![CDATA[Chambre double]]></BookRoom_BookRoomType_id.bookRoomtypType>
		<bookRoomDesc><![CDATA[<p>Lit double King size<br />Salle de bains avec douche et toilettes Entrée privée<br />Air conditionné et chauffage<br />Ventilateur<br /><br /></p>]]></bookRoomDesc>
		<bookRoomSuperficie>17</bookRoomSuperficie>
		<bookRoomFloor>0</bookRoomFloor>
		<bookRoomPhoto>BookRoom/bookRoomPhoto/0/2/pure-house-ibiza-best-2-3_800.jpg</bookRoomPhoto>
		<bookRoomPriceht>150</bookRoomPriceht>
	</data>
	<data>
		<bookRoomCode>ROOM016</bookRoomCode>
		<bookRoomLabel>Room 3</bookRoomLabel>
		<BookRoom_BookRoomType_id.bookRoomtypCode>RTYP001</BookRoom_BookRoomType_id.bookRoomtypCode>
		<BookRoom_BookRoomType_id.bookRoomtypType><![CDATA[Chambre simple]]></BookRoom_BookRoomType_id.bookRoomtypType>
		<bookRoomDesc/>
		<bookRoomSuperficie>12</bookRoomSuperficie>
		<bookRoomFloor>0</bookRoomFloor>
		<bookRoomPhoto>BookRoom/bookRoomPhoto/0/3/rooms-best-room-2_500.jpg</bookRoomPhoto>
		<bookRoomPriceht>50</bookRoomPriceht>
	</data>
	<data>
		<bookRoomCode>ROOM022</bookRoomCode>
		<bookRoomLabel>Room 4</bookRoomLabel>
		<BookRoom_BookRoomType_id.bookRoomtypCode>RTYP002</BookRoom_BookRoomType_id.bookRoomtypCode>
		<BookRoom_BookRoomType_id.bookRoomtypType><![CDATA[Chambre double]]></BookRoom_BookRoomType_id.bookRoomtypType>
		<bookRoomDesc><![CDATA[<p>Lit double Queen size<br />Salle de bains avec douche et toilettes Entrée privée<br />Petit patio privatif<br />Air conditionné et chauffage Minibar et snacks<br />Coffre fort</p>]]></bookRoomDesc>
		<bookRoomSuperficie>15</bookRoomSuperficie>
		<bookRoomFloor>1</bookRoomFloor>
		<bookRoomPhoto>BookRoom/bookRoomPhoto/0/4/rooms-intimate-room.jpg</bookRoomPhoto>
		<bookRoomPriceht>15</bookRoomPriceht>
	</data>
</object>
<object>
	<name>BookUsers</name>
	<action>upsert</action>
	<data>
		<usr_title>MR</usr_title>
		<usr_last_name>WILHELM</usr_last_name>
		<usr_first_name>Alphonse</usr_first_name>
		<usr_work_num/>
		<usr_home_num/>
		<usr_cell_num>0789675634</usr_cell_num>
		<usr_address1>38 rue de Trevise</usr_address1>
		<usr_address2/>
		<usr_zipcode>75009</usr_zipcode>
		<usr_city>PARIS</usr_city>
		<usr_state/>
		<usr_country>FR</usr_country>
		<bookBookusersEmail>awilhelm@yahho.fr</bookBookusersEmail>
		<bookBookusersType>CUS</bookBookusersType>
		<bookUserGeoCoord>48.875365;2.3456512</bookUserGeoCoord>
	</data>
	<data>
		<usr_title>MR</usr_title>
		<usr_last_name>Dumont</usr_last_name>
		<usr_first_name>Cédric</usr_first_name>
		<usr_work_num/>
		<usr_home_num/>
		<usr_cell_num>0789675634</usr_cell_num>
		<usr_address1>8 rue des abbesses</usr_address1>
		<usr_address2/>
		<usr_zipcode>75018</usr_zipcode>
		<usr_city>PARIS</usr_city>
		<usr_state/>
		<usr_country>FR</usr_country>
		<bookBookusersEmail>cdumont@gf.com</bookBookusersEmail>
		<bookBookusersType>CUS</bookBookusersType>
		<bookUserGeoCoord>48.8840888;2.3389961</bookUserGeoCoord>
	</data>
	<data>
		<usr_title>MR</usr_title>
		<usr_last_name>WILHELM</usr_last_name>
		<usr_first_name>Cédric</usr_first_name>
		<usr_work_num/>
		<usr_home_num/>
		<usr_cell_num>0987654322</usr_cell_num>
		<usr_address1>48 Rue de Verneuil,</usr_address1>
		<usr_address2/>
		<usr_zipcode>75007</usr_zipcode>
		<usr_city>PARIS</usr_city>
		<usr_state/>
		<usr_country>FR</usr_country>
		<bookBookusersEmail>cedric.wilhelm@fournisseur.com</bookBookusersEmail>
		<bookBookusersType>CUS</bookBookusersType>
		<bookUserGeoCoord>48.8585118;2.3277259</bookUserGeoCoord>
	</data>
	<data>
		<usr_title>MR</usr_title>
		<usr_last_name>WILHELM</usr_last_name>
		<usr_first_name>Jean</usr_first_name>
		<usr_work_num/>
		<usr_home_num/>
		<usr_cell_num>0789675634</usr_cell_num>
		<usr_address1>86 Rue Grignan</usr_address1>
		<usr_address2/>
		<usr_zipcode>13001</usr_zipcode>
		<usr_city>MARSEILLE</usr_city>
		<usr_state/>
		<usr_country>FR</usr_country>
		<bookBookusersEmail>cwilhelm@dfgh.com</bookBookusersEmail>
		<bookBookusersType>CUS</bookBookusersType>
		<bookUserGeoCoord>43.2915462;5.3738149</bookUserGeoCoord>
	</data>
	<data>
		<usr_title>MR</usr_title>
		<usr_last_name>WILHELM</usr_last_name>
		<usr_first_name>Jean</usr_first_name>
		<usr_work_num/>
		<usr_home_num/>
		<usr_cell_num>0789675634</usr_cell_num>
		<usr_address1>61 Rue Sainte</usr_address1>
		<usr_address2/>
		<usr_zipcode>13001</usr_zipcode>
		<usr_city>MARSEILLE</usr_city>
		<usr_state/>
		<usr_country>FR</usr_country>
		<bookBookusersEmail>cwilhelm@f.com</bookBookusersEmail>
		<bookBookusersType>CUS</bookBookusersType>
		<bookUserGeoCoord>43.2918908;5.3731463</bookUserGeoCoord>
	</data>
	<data>
		<usr_title>MR</usr_title>
		<usr_last_name>WILHELM</usr_last_name>
		<usr_first_name>Jeanne</usr_first_name>
		<usr_work_num/>
		<usr_home_num/>
		<usr_cell_num>0789675634</usr_cell_num>
		<usr_address1>38 rue de Trevise</usr_address1>
		<usr_address2/>
		<usr_zipcode/>
		<usr_city>PARIS</usr_city>
		<usr_state/>
		<usr_country>FR</usr_country>
		<bookBookusersEmail>cwilhelm@fournisseu222r.com</bookBookusersEmail>
		<bookBookusersType>CUS</bookBookusersType>
		<bookUserGeoCoord>48.875365;2.3456512</bookUserGeoCoord>
	</data>
	<data>
		<usr_title>MR</usr_title>
		<usr_last_name>WILHELM</usr_last_name>
		<usr_first_name>Cédric</usr_first_name>
		<usr_work_num/>
		<usr_home_num/>
		<usr_cell_num>0789675634</usr_cell_num>
		<usr_address1>104 Grande Rue de la Guillotière</usr_address1>
		<usr_address2/>
		<usr_zipcode>69007</usr_zipcode>
		<usr_city>LYON</usr_city>
		<usr_state/>
		<usr_country>FR</usr_country>
		<bookBookusersEmail>cwilhelm@fournisseur.com</bookBookusersEmail>
		<bookBookusersType>CUS</bookBookusersType>
		<bookUserGeoCoord>45.7511817;4.8477508</bookUserGeoCoord>
	</data>
	<data>
		<usr_title>MR</usr_title>
		<usr_last_name>WILHELM</usr_last_name>
		<usr_first_name>Jean</usr_first_name>
		<usr_work_num/>
		<usr_home_num/>
		<usr_cell_num>0789675634</usr_cell_num>
		<usr_address1>26 Rue François Garcin</usr_address1>
		<usr_address2/>
		<usr_zipcode>69003</usr_zipcode>
		<usr_city>LYON</usr_city>
		<usr_state/>
		<usr_country>FR</usr_country>
		<bookBookusersEmail>cwilhelm@yihe.com</bookBookusersEmail>
		<bookBookusersType>CUS</bookBookusersType>
		<bookUserGeoCoord>45.7594301;4.8496746</bookUserGeoCoord>
	</data>
	<data>
		<usr_title>MR</usr_title>
		<usr_last_name>Delpech</usr_last_name>
		<usr_first_name>Michel</usr_first_name>
		<usr_work_num/>
		<usr_home_num/>
		<usr_cell_num>0688685456</usr_cell_num>
		<usr_address1>11 boulevard de Belleville</usr_address1>
		<usr_address2/>
		<usr_zipcode>75011</usr_zipcode>
		<usr_city>PARIS</usr_city>
		<usr_state/>
		<usr_country>FR</usr_country>
		<bookBookusersEmail>dm@simplicite.fr</bookBookusersEmail>
		<bookBookusersType>CUS</bookBookusersType>
		<bookUserGeoCoord>48.867876;2.3816529</bookUserGeoCoord>
	</data>
	<data>
		<usr_title>MR</usr_title>
		<usr_last_name>Kermarrec</usr_last_name>
		<usr_first_name>erwann</usr_first_name>
		<usr_work_num/>
		<usr_home_num/>
		<usr_cell_num>0987665544</usr_cell_num>
		<usr_address1>36 Rue Saint-Sernin</usr_address1>
		<usr_address2/>
		<usr_zipcode>33000</usr_zipcode>
		<usr_city>BORDEAUX</usr_city>
		<usr_state/>
		<usr_country>FR</usr_country>
		<bookBookusersEmail>ekermarrec@gamil.com</bookBookusersEmail>
		<bookBookusersType>CUS</bookBookusersType>
		<bookUserGeoCoord>44.840712;-0.5822646</bookUserGeoCoord>
	</data>
	<data>
		<usr_title>MR</usr_title>
		<usr_last_name>Tridou</usr_last_name>
		<usr_first_name>Eric</usr_first_name>
		<usr_work_num/>
		<usr_home_num/>
		<usr_cell_num>0789675634</usr_cell_num>
		<usr_address1>48 Rue des Faures</usr_address1>
		<usr_address2/>
		<usr_zipcode>33000</usr_zipcode>
		<usr_city>BORDEAUX</usr_city>
		<usr_state/>
		<usr_country>FR</usr_country>
		<bookBookusersEmail>etridou@fournisseur.com</bookBookusersEmail>
		<bookBookusersType>CUS</bookBookusersType>
		<bookUserGeoCoord>44.8349477;-0.5667321</bookUserGeoCoord>
	</data>
	<data>
		<usr_title>MR</usr_title>
		<usr_last_name>WILHELM</usr_last_name>
		<usr_first_name>Jean</usr_first_name>
		<usr_work_num/>
		<usr_home_num/>
		<usr_cell_num>0789675634</usr_cell_num>
		<usr_address1>6 Rue des Faussets</usr_address1>
		<usr_address2/>
		<usr_zipcode>33000</usr_zipcode>
		<usr_city>BORDEAUX</usr_city>
		<usr_state/>
		<usr_country>FR</usr_country>
		<bookBookusersEmail>j.wilhelm@fournisseur.com</bookBookusersEmail>
		<bookBookusersType>CUS</bookBookusersType>
		<bookUserGeoCoord>44.8406143;-0.5702988999999999</bookUserGeoCoord>
	</data>
	<data>
		<usr_title>MR</usr_title>
		<usr_last_name>WILHELM</usr_last_name>
		<usr_first_name>Jean</usr_first_name>
		<usr_work_num/>
		<usr_home_num/>
		<usr_cell_num>0789675634</usr_cell_num>
		<usr_address1>5 Rue Gargoulleau</usr_address1>
		<usr_address2/>
		<usr_zipcode>17000</usr_zipcode>
		<usr_city>LA ROCHELLE</usr_city>
		<usr_state/>
		<usr_country>FR</usr_country>
		<bookBookusersEmail>j.wilhelm@yahh.com</bookBookusersEmail>
		<bookBookusersType>CUS</bookBookusersType>
		<bookUserGeoCoord>46.161823;-1.1507442</bookUserGeoCoord>
	</data>
	<data>
		<usr_title>MR</usr_title>
		<usr_last_name>Desplat</usr_last_name>
		<usr_first_name>Cédric</usr_first_name>
		<usr_work_num/>
		<usr_home_num/>
		<usr_cell_num>0789675634</usr_cell_num>
		<usr_address1>4 Rue de la Forme</usr_address1>
		<usr_address2/>
		<usr_zipcode>17000</usr_zipcode>
		<usr_city>LA ROCHELLE</usr_city>
		<usr_state/>
		<usr_country>FR</usr_country>
		<bookBookusersEmail>jdesplat@gm.com</bookBookusersEmail>
		<bookBookusersType>CUS</bookBookusersType>
		<bookUserGeoCoord>46.161685;-1.1486801</bookUserGeoCoord>
	</data>
	<data>
		<usr_title>MR</usr_title>
		<usr_last_name>DUPONT</usr_last_name>
		<usr_first_name>Jean</usr_first_name>
		<usr_work_num/>
		<usr_home_num/>
		<usr_cell_num>0789675634</usr_cell_num>
		<usr_address1>34 Bis Rue des Bouchers</usr_address1>
		<usr_address2/>
		<usr_zipcode>59800</usr_zipcode>
		<usr_city>LILLE</usr_city>
		<usr_state/>
		<usr_country>FR</usr_country>
		<bookBookusersEmail>jdupont@fournisseur.com</bookBookusersEmail>
		<bookBookusersType>CUS</bookBookusersType>
		<bookUserGeoCoord>50.6378561;3.0582722</bookUserGeoCoord>
	</data>
	<data>
		<usr_title>MRS</usr_title>
		<usr_last_name>DUPONT</usr_last_name>
		<usr_first_name>Jeanne</usr_first_name>
		<usr_work_num/>
		<usr_home_num/>
		<usr_cell_num>0789675634</usr_cell_num>
		<usr_address1>45 Boulevard Carnot</usr_address1>
		<usr_address2/>
		<usr_zipcode>59800</usr_zipcode>
		<usr_city>LILLE</usr_city>
		<usr_state/>
		<usr_country>FR</usr_country>
		<bookBookusersEmail>jeannedupont@yahho.fr</bookBookusersEmail>
		<bookBookusersType>CUS</bookBookusersType>
		<bookUserGeoCoord>50.6396466;3.0674639</bookUserGeoCoord>
	</data>
	<data>
		<usr_title>MR</usr_title>
		<usr_last_name>Ducros</usr_last_name>
		<usr_first_name>Jean-Michel</usr_first_name>
		<usr_work_num/>
		<usr_home_num/>
		<usr_cell_num>0789675634</usr_cell_num>
		<usr_address1>4 Rue Saint-Etienne</usr_address1>
		<usr_address2/>
		<usr_zipcode>59800</usr_zipcode>
		<usr_city>LILLE</usr_city>
		<usr_state/>
		<usr_country>FR</usr_country>
		<bookBookusersEmail>jmducrois@gm.com</bookBookusersEmail>
		<bookBookusersType>CUS</bookBookusersType>
		<bookUserGeoCoord>50.6374048;3.0617315</bookUserGeoCoord>
	</data>
	<data>
		<usr_title>MRS</usr_title>
		<usr_last_name>ROBERT</usr_last_name>
		<usr_first_name>Julie</usr_first_name>
		<usr_work_num/>
		<usr_home_num/>
		<usr_cell_num>0611111111</usr_cell_num>
		<usr_address1>Rue du Lac</usr_address1>
		<usr_address2/>
		<usr_zipcode/>
		<usr_city>TOULOUSE</usr_city>
		<usr_state/>
		<usr_country>FR</usr_country>
		<bookBookusersEmail>julie@test.com</bookBookusersEmail>
		<bookBookusersType>CUS</bookBookusersType>
		<bookUserGeoCoord>43.597322;1.470755</bookUserGeoCoord>
	</data>
	<data>
		<usr_title>MR</usr_title>
		<usr_last_name>WILHELM</usr_last_name>
		<usr_first_name>Jean</usr_first_name>
		<usr_work_num/>
		<usr_home_num/>
		<usr_cell_num>0789675634</usr_cell_num>
		<usr_address1>38 rue de Trevise</usr_address1>
		<usr_address2/>
		<usr_zipcode>75009</usr_zipcode>
		<usr_city>PARIS</usr_city>
		<usr_state/>
		<usr_country>FR</usr_country>
		<bookBookusersEmail>jwilhelm@trade.com</bookBookusersEmail>
		<bookBookusersType>CUS</bookBookusersType>
		<bookUserGeoCoord/>
	</data>
	<data>
		<usr_title>MR</usr_title>
		<usr_last_name>DUPONT</usr_last_name>
		<usr_first_name>Michel</usr_first_name>
		<usr_work_num/>
		<usr_home_num/>
		<usr_cell_num>0789675634</usr_cell_num>
		<usr_address1>38 rue de Trevise</usr_address1>
		<usr_address2/>
		<usr_zipcode>75009</usr_zipcode>
		<usr_city>PARIS</usr_city>
		<usr_state/>
		<usr_country>FR</usr_country>
		<bookBookusersEmail>mdupont@kl.com</bookBookusersEmail>
		<bookBookusersType>CUS</bookBookusersType>
		<bookUserGeoCoord/>
	</data>
	<data>
		<usr_title>MR</usr_title>
		<usr_last_name>Michel</usr_last_name>
		<usr_first_name>Pascal</usr_first_name>
		<usr_work_num/>
		<usr_home_num/>
		<usr_cell_num>06886857456</usr_cell_num>
		<usr_address1>23 rue des fleurs</usr_address1>
		<usr_address2/>
		<usr_zipcode>64900</usr_zipcode>
		<usr_city>BEDOUS</usr_city>
		<usr_state/>
		<usr_country>FR</usr_country>
		<bookBookusersEmail>mp@simplicite.fr</bookBookusersEmail>
		<bookBookusersType>CUS</bookBookusersType>
		<bookUserGeoCoord>42.999166;-0.600511</bookUserGeoCoord>
	</data>
	<data>
		<usr_title>MR</usr_title>
		<usr_last_name>SEITZ</usr_last_name>
		<usr_first_name>NATHALIE</usr_first_name>
		<usr_work_num/>
		<usr_home_num/>
		<usr_cell_num>09876543</usr_cell_num>
		<usr_address1>8</usr_address1>
		<usr_address2>rue des abbesses</usr_address2>
		<usr_zipcode>75018</usr_zipcode>
		<usr_city>PARIS</usr_city>
		<usr_state/>
		<usr_country>FR</usr_country>
		<bookBookusersEmail>nathseitz@gmail.com</bookBookusersEmail>
		<bookBookusersType>CUS</bookBookusersType>
		<bookUserGeoCoord>48.8840896;2.3389942</bookUserGeoCoord>
	</data>
	<data>
		<usr_title/>
		<usr_last_name>Pierre</usr_last_name>
		<usr_first_name>Paul Jacque</usr_first_name>
		<usr_work_num/>
		<usr_home_num/>
		<usr_cell_num>0665625412</usr_cell_num>
		<usr_address1>38 rue de Trévise</usr_address1>
		<usr_address2/>
		<usr_zipcode>75009</usr_zipcode>
		<usr_city>PARIS</usr_city>
		<usr_state/>
		<usr_country>FR</usr_country>
		<bookBookusersEmail>PPJ@simplicite.fr</bookBookusersEmail>
		<bookBookusersType>CUS</bookBookusersType>
		<bookUserGeoCoord/>
	</data>
	<data>
		<usr_title>MR</usr_title>
		<usr_last_name>Pierre</usr_last_name>
		<usr_first_name>Paul Jacque</usr_first_name>
		<usr_work_num/>
		<usr_home_num/>
		<usr_cell_num>0665562541</usr_cell_num>
		<usr_address1>38 rue de Trévise</usr_address1>
		<usr_address2/>
		<usr_zipcode>75009</usr_zipcode>
		<usr_city>PARIS</usr_city>
		<usr_state/>
		<usr_country>FR</usr_country>
		<bookBookusersEmail>PPJJ@simplicite.fr</bookBookusersEmail>
		<bookBookusersType>CUS</bookBookusersType>
		<bookUserGeoCoord/>
	</data>
	<data>
		<usr_title>MR</usr_title>
		<usr_last_name>Pierre</usr_last_name>
		<usr_first_name>Paul Jacque</usr_first_name>
		<usr_work_num/>
		<usr_home_num/>
		<usr_cell_num>06886854754</usr_cell_num>
		<usr_address1>38 rue de Trévise</usr_address1>
		<usr_address2/>
		<usr_zipcode/>
		<usr_city>PARIS</usr_city>
		<usr_state/>
		<usr_country>FR</usr_country>
		<bookBookusersEmail>PPJJJ@simplicite.fr</bookBookusersEmail>
		<bookBookusersType>CUS</bookBookusersType>
		<bookUserGeoCoord/>
	</data>
	<data>
		<usr_title>MRS</usr_title>
		<usr_last_name>Desplat</usr_last_name>
		<usr_first_name>Sandrine</usr_first_name>
		<usr_work_num/>
		<usr_home_num/>
		<usr_cell_num>0987665544</usr_cell_num>
		<usr_address1>38 rue de Trevise</usr_address1>
		<usr_address2/>
		<usr_zipcode>75009</usr_zipcode>
		<usr_city>PARIS</usr_city>
		<usr_state/>
		<usr_country>FR</usr_country>
		<bookBookusersEmail>sdesplat@yahho.fr</bookBookusersEmail>
		<bookBookusersType>CUS</bookBookusersType>
		<bookUserGeoCoord/>
	</data>
</object>
<object>
	<name>BookGuests</name>
	<action>upsert</action>
	<data>
		<usr_title>MRS</usr_title>
		<usr_last_name>Bidou</usr_last_name>
		<usr_first_name>Nadège</usr_first_name>
		<usr_work_num/>
		<usr_home_num/>
		<usr_cell_num>068868574</usr_cell_num>
		<usr_address1>Michel</usr_address1>
		<usr_address2/>
		<usr_zipcode/>
		<usr_city>PARIS</usr_city>
		<usr_state/>
		<usr_country>FR</usr_country>
		<bookBookusersEmail>bn@simplicite.fr</bookBookusersEmail>
		<bookBookusersType>ACC</bookBookusersType>
		<bookUserGeoCoord/>
	</data>
	<data>
		<usr_title>MR</usr_title>
		<usr_last_name>Kermarrec</usr_last_name>
		<usr_first_name>Cédric</usr_first_name>
		<usr_work_num/>
		<usr_home_num/>
		<usr_cell_num>0789675634</usr_cell_num>
		<usr_address1>38 rue de Trevise</usr_address1>
		<usr_address2/>
		<usr_zipcode>75009</usr_zipcode>
		<usr_city>PARIS</usr_city>
		<usr_state/>
		<usr_country>FR</usr_country>
		<bookBookusersEmail>cwilhelm@er.com</bookBookusersEmail>
		<bookBookusersType>ACC</bookBookusersType>
		<bookUserGeoCoord/>
	</data>
	<data>
		<usr_title>MRS</usr_title>
		<usr_last_name>WILHELM</usr_last_name>
		<usr_first_name>Jeanne</usr_first_name>
		<usr_work_num/>
		<usr_home_num/>
		<usr_cell_num>0789675634</usr_cell_num>
		<usr_address1>38 rue de Trevise</usr_address1>
		<usr_address2/>
		<usr_zipcode>75009</usr_zipcode>
		<usr_city>PARIS</usr_city>
		<usr_state/>
		<usr_country>FR</usr_country>
		<bookBookusersEmail>cwilhelm@gfttg.com</bookBookusersEmail>
		<bookBookusersType>ACC</bookBookusersType>
		<bookUserGeoCoord/>
	</data>
	<data>
		<usr_title>MRS</usr_title>
		<usr_last_name>Ducros</usr_last_name>
		<usr_first_name>Emeline</usr_first_name>
		<usr_work_num/>
		<usr_home_num/>
		<usr_cell_num>0789675634</usr_cell_num>
		<usr_address1>38 rue de Trevise</usr_address1>
		<usr_address2/>
		<usr_zipcode>75009</usr_zipcode>
		<usr_city>PARIS</usr_city>
		<usr_state/>
		<usr_country>FR</usr_country>
		<bookBookusersEmail>educros@yahho.fr</bookBookusersEmail>
		<bookBookusersType>ACC</bookBookusersType>
		<bookUserGeoCoord/>
	</data>
	<data>
		<usr_title>MR</usr_title>
		<usr_last_name>WILHELM</usr_last_name>
		<usr_first_name>Jean</usr_first_name>
		<usr_work_num/>
		<usr_home_num/>
		<usr_cell_num>0789675634</usr_cell_num>
		<usr_address1>38 rue de Trevise</usr_address1>
		<usr_address2/>
		<usr_zipcode/>
		<usr_city>PARIS</usr_city>
		<usr_state/>
		<usr_country>FR</usr_country>
		<bookBookusersEmail>ekermarrec@gail.com</bookBookusersEmail>
		<bookBookusersType>ACC</bookBookusersType>
		<bookUserGeoCoord>48.875365;2.3456512</bookUserGeoCoord>
	</data>
	<data>
		<usr_title>MRS</usr_title>
		<usr_last_name>WILHELM</usr_last_name>
		<usr_first_name>Jeanne</usr_first_name>
		<usr_work_num/>
		<usr_home_num/>
		<usr_cell_num>0789675634</usr_cell_num>
		<usr_address1>38 rue de Trevise</usr_address1>
		<usr_address2/>
		<usr_zipcode>75009</usr_zipcode>
		<usr_city>PARIS</usr_city>
		<usr_state/>
		<usr_country>FR</usr_country>
		<bookBookusersEmail>j.wilhelm@autre.com</bookBookusersEmail>
		<bookBookusersType>ACC</bookBookusersType>
		<bookUserGeoCoord/>
	</data>
	<data>
		<usr_title>MRS</usr_title>
		<usr_last_name>Dumont</usr_last_name>
		<usr_first_name>Jeanne</usr_first_name>
		<usr_work_num/>
		<usr_home_num/>
		<usr_cell_num>0789675634</usr_cell_num>
		<usr_address1>38 rue de Trevise</usr_address1>
		<usr_address2/>
		<usr_zipcode>75009</usr_zipcode>
		<usr_city>PARIS</usr_city>
		<usr_state/>
		<usr_country>FR</usr_country>
		<bookBookusersEmail>jdumont@df.com</bookBookusersEmail>
		<bookBookusersType>ACC</bookBookusersType>
		<bookUserGeoCoord/>
	</data>
	<data>
		<usr_title>MR</usr_title>
		<usr_last_name>WILHELM</usr_last_name>
		<usr_first_name>Jeanne</usr_first_name>
		<usr_work_num/>
		<usr_home_num/>
		<usr_cell_num>0789675634</usr_cell_num>
		<usr_address1>38 rue de Trevise</usr_address1>
		<usr_address2/>
		<usr_zipcode>75009</usr_zipcode>
		<usr_city>PARIS</usr_city>
		<usr_state/>
		<usr_country>FR</usr_country>
		<bookBookusersEmail>jdupont@adress.com</bookBookusersEmail>
		<bookBookusersType>ACC</bookBookusersType>
		<bookUserGeoCoord/>
	</data>
	<data>
		<usr_title>MR</usr_title>
		<usr_last_name>Kermarrec</usr_last_name>
		<usr_first_name>Jean</usr_first_name>
		<usr_work_num/>
		<usr_home_num/>
		<usr_cell_num>0789675634</usr_cell_num>
		<usr_address1>38 rue de Trevise</usr_address1>
		<usr_address2/>
		<usr_zipcode>75009</usr_zipcode>
		<usr_city>PARIS</usr_city>
		<usr_state/>
		<usr_country>FR</usr_country>
		<bookBookusersEmail>jkermarrec@gamil.com</bookBookusersEmail>
		<bookBookusersType>ACC</bookBookusersType>
		<bookUserGeoCoord/>
	</data>
	<data>
		<usr_title>MR</usr_title>
		<usr_last_name>Kermarrec</usr_last_name>
		<usr_first_name>Jean</usr_first_name>
		<usr_work_num/>
		<usr_home_num/>
		<usr_cell_num>0789675634</usr_cell_num>
		<usr_address1>38 rue de Trevise</usr_address1>
		<usr_address2/>
		<usr_zipcode>75009</usr_zipcode>
		<usr_city>PARIS</usr_city>
		<usr_state/>
		<usr_country>FR</usr_country>
		<bookBookusersEmail>jkermarrec@yahho.com</bookBookusersEmail>
		<bookBookusersType>ACC</bookBookusersType>
		<bookUserGeoCoord/>
	</data>
	<data>
		<usr_title>MRS</usr_title>
		<usr_last_name>WILHELM</usr_last_name>
		<usr_first_name>Jeanne</usr_first_name>
		<usr_work_num/>
		<usr_home_num/>
		<usr_cell_num>0789675634</usr_cell_num>
		<usr_address1>38 rue de Trevise</usr_address1>
		<usr_address2/>
		<usr_zipcode>75009</usr_zipcode>
		<usr_city>PARIS</usr_city>
		<usr_state/>
		<usr_country>FR</usr_country>
		<bookBookusersEmail>jwilhelm@yd.fr</bookBookusersEmail>
		<bookBookusersType>ACC</bookBookusersType>
		<bookUserGeoCoord/>
	</data>
	<data>
		<usr_title>MRS</usr_title>
		<usr_last_name>WILHELM</usr_last_name>
		<usr_first_name>Marie</usr_first_name>
		<usr_work_num/>
		<usr_home_num/>
		<usr_cell_num>0987654322</usr_cell_num>
		<usr_address1>38 rue de Trevise</usr_address1>
		<usr_address2/>
		<usr_zipcode>75009</usr_zipcode>
		<usr_city>PARIS</usr_city>
		<usr_state/>
		<usr_country>FR</usr_country>
		<bookBookusersEmail>mwilhelm@orange.fr</bookBookusersEmail>
		<bookBookusersType>ACC</bookBookusersType>
		<bookUserGeoCoord/>
	</data>
	<data>
		<usr_title>MRS</usr_title>
		<usr_last_name>Kermarrec</usr_last_name>
		<usr_first_name>Nathalie</usr_first_name>
		<usr_work_num/>
		<usr_home_num/>
		<usr_cell_num>0789675634</usr_cell_num>
		<usr_address1>38 rue de Trevise</usr_address1>
		<usr_address2/>
		<usr_zipcode>75009</usr_zipcode>
		<usr_city>PARIS</usr_city>
		<usr_state/>
		<usr_country>FR</usr_country>
		<bookBookusersEmail>nkermarrec@yy.com</bookBookusersEmail>
		<bookBookusersType>ACC</bookBookusersType>
		<bookUserGeoCoord/>
	</data>
	<data>
		<usr_title>MRS</usr_title>
		<usr_last_name>ZEBILDER</usr_last_name>
		<usr_first_name>Robert</usr_first_name>
		<usr_work_num/>
		<usr_home_num/>
		<usr_cell_num>09876543</usr_cell_num>
		<usr_address1>38, rue de Trévise</usr_address1>
		<usr_address2/>
		<usr_zipcode>75009</usr_zipcode>
		<usr_city>PARIS</usr_city>
		<usr_state/>
		<usr_country>FR</usr_country>
		<bookBookusersEmail>nseitz@simplicite.fr</bookBookusersEmail>
		<bookBookusersType>ACC</bookBookusersType>
		<bookUserGeoCoord>48.875365;2.3456512</bookUserGeoCoord>
	</data>
	<data>
		<usr_title>MR</usr_title>
		<usr_last_name>DUPONT</usr_last_name>
		<usr_first_name>Olivier</usr_first_name>
		<usr_work_num/>
		<usr_home_num/>
		<usr_cell_num>0898776655</usr_cell_num>
		<usr_address1>38 rue de Trevise</usr_address1>
		<usr_address2/>
		<usr_zipcode/>
		<usr_city>PARIS</usr_city>
		<usr_state/>
		<usr_country>FR</usr_country>
		<bookBookusersEmail>odupont@orange.fr</bookBookusersEmail>
		<bookBookusersType>ACC</bookBookusersType>
		<bookUserGeoCoord/>
	</data>
	<data>
		<usr_title>MRS</usr_title>
		<usr_last_name>Pierreafeu</usr_last_name>
		<usr_first_name>Pierrette</usr_first_name>
		<usr_work_num/>
		<usr_home_num/>
		<usr_cell_num>0686547555</usr_cell_num>
		<usr_address1>39 rue richer</usr_address1>
		<usr_address2/>
		<usr_zipcode/>
		<usr_city>PARIS</usr_city>
		<usr_state/>
		<usr_country>FR</usr_country>
		<bookBookusersEmail>PP@simplicite.fr</bookBookusersEmail>
		<bookBookusersType>ACC</bookBookusersType>
		<bookUserGeoCoord/>
	</data>
</object>
<object>
	<name>BookBookings</name>
	<action>upsert</action>
	<data>
		<BookBookings_BookUsers_id.usr_title>MR</BookBookings_BookUsers_id.usr_title>
		<BookBookings_BookUsers_id.usr_last_name>DUPONT</BookBookings_BookUsers_id.usr_last_name>
		<BookBookings_BookUsers_id.usr_first_name>Jean</BookBookings_BookUsers_id.usr_first_name>
		<BookBookings_BookUsers_id.bookBookusersEmail>jdupont@fournisseur.com</BookBookings_BookUsers_id.bookBookusersEmail>
		<bookBookbookingsDate>2021-06-24</bookBookbookingsDate>
		<bookBookbookingsHour>12:10:00</bookBookbookingsHour>
		<bookBookbookingsStartDate>2021-06-26 00:00:00</bookBookbookingsStartDate>
		<bookBookbookingsEndDate>2021-06-27 00:00:00</bookBookbookingsEndDate>
		<bookBookbookingsPaymentTDate/>
		<bookBookbookingsAmountDate/>
		<bookBookbookingsPaymentDone/>
		<bookBookbookingsComments/>
		<bookBookbookingsStatut>Cl</bookBookbookingsStatut>
		<bookBookbookingsRoomNumber>2</bookBookbookingsRoomNumber>
		<bookBookbookingsGuestNumber>4</bookBookbookingsGuestNumber>
	</data>
	<data>
		<BookBookings_BookUsers_id.usr_title>MR</BookBookings_BookUsers_id.usr_title>
		<BookBookings_BookUsers_id.usr_last_name>Tridou</BookBookings_BookUsers_id.usr_last_name>
		<BookBookings_BookUsers_id.usr_first_name>Eric</BookBookings_BookUsers_id.usr_first_name>
		<BookBookings_BookUsers_id.bookBookusersEmail>etridou@fournisseur.com</BookBookings_BookUsers_id.bookBookusersEmail>
		<bookBookbookingsDate>2021-06-25</bookBookbookingsDate>
		<bookBookbookingsHour>09:20:00</bookBookbookingsHour>
		<bookBookbookingsStartDate>2021-06-24 00:00:00</bookBookbookingsStartDate>
		<bookBookbookingsEndDate>2021-06-27 00:00:00</bookBookbookingsEndDate>
		<bookBookbookingsPaymentTDate/>
		<bookBookbookingsAmountDate/>
		<bookBookbookingsPaymentDone>0</bookBookbookingsPaymentDone>
		<bookBookbookingsComments/>
		<bookBookbookingsStatut>TR</bookBookbookingsStatut>
		<bookBookbookingsRoomNumber>2</bookBookbookingsRoomNumber>
		<bookBookbookingsGuestNumber>4</bookBookbookingsGuestNumber>
	</data>
	<data>
		<BookBookings_BookUsers_id.usr_title>MR</BookBookings_BookUsers_id.usr_title>
		<BookBookings_BookUsers_id.usr_last_name>Pierre</BookBookings_BookUsers_id.usr_last_name>
		<BookBookings_BookUsers_id.usr_first_name>Paul Jacque</BookBookings_BookUsers_id.usr_first_name>
		<BookBookings_BookUsers_id.bookBookusersEmail>PPJJ@simplicite.fr</BookBookings_BookUsers_id.bookBookusersEmail>
		<bookBookbookingsDate>2021-06-25</bookBookbookingsDate>
		<bookBookbookingsHour>11:46:00</bookBookbookingsHour>
		<bookBookbookingsStartDate>2021-07-08 10:00:00</bookBookbookingsStartDate>
		<bookBookbookingsEndDate>2021-07-09 12:00:00</bookBookbookingsEndDate>
		<bookBookbookingsPaymentTDate/>
		<bookBookbookingsAmountDate/>
		<bookBookbookingsPaymentDone>0</bookBookbookingsPaymentDone>
		<bookBookbookingsComments/>
		<bookBookbookingsStatut>TR</bookBookbookingsStatut>
		<bookBookbookingsRoomNumber>2</bookBookbookingsRoomNumber>
		<bookBookbookingsGuestNumber/>
	</data>
	<data>
		<BookBookings_BookUsers_id.usr_title>MR</BookBookings_BookUsers_id.usr_title>
		<BookBookings_BookUsers_id.usr_last_name>Kermarrec</BookBookings_BookUsers_id.usr_last_name>
		<BookBookings_BookUsers_id.usr_first_name>erwann</BookBookings_BookUsers_id.usr_first_name>
		<BookBookings_BookUsers_id.bookBookusersEmail>ekermarrec@gamil.com</BookBookings_BookUsers_id.bookBookusersEmail>
		<bookBookbookingsDate>2021-06-25</bookBookbookingsDate>
		<bookBookbookingsHour>12:03:00</bookBookbookingsHour>
		<bookBookbookingsStartDate>2021-07-10 00:00:00</bookBookbookingsStartDate>
		<bookBookbookingsEndDate>2021-07-11 00:00:00</bookBookbookingsEndDate>
		<bookBookbookingsPaymentTDate/>
		<bookBookbookingsAmountDate/>
		<bookBookbookingsPaymentDone>0</bookBookbookingsPaymentDone>
		<bookBookbookingsComments/>
		<bookBookbookingsStatut>EA</bookBookbookingsStatut>
		<bookBookbookingsRoomNumber>2</bookBookbookingsRoomNumber>
		<bookBookbookingsGuestNumber>3</bookBookbookingsGuestNumber>
	</data>
	<data>
		<BookBookings_BookUsers_id.usr_title>MR</BookBookings_BookUsers_id.usr_title>
		<BookBookings_BookUsers_id.usr_last_name>Pierre</BookBookings_BookUsers_id.usr_last_name>
		<BookBookings_BookUsers_id.usr_first_name>Paul Jacque</BookBookings_BookUsers_id.usr_first_name>
		<BookBookings_BookUsers_id.bookBookusersEmail>PPJJJ@simplicite.fr</BookBookings_BookUsers_id.bookBookusersEmail>
		<bookBookbookingsDate>2021-06-25</bookBookbookingsDate>
		<bookBookbookingsHour>12:09:00</bookBookbookingsHour>
		<bookBookbookingsStartDate>2021-06-26 00:00:00</bookBookbookingsStartDate>
		<bookBookbookingsEndDate>2021-07-06 00:00:00</bookBookbookingsEndDate>
		<bookBookbookingsPaymentTDate/>
		<bookBookbookingsAmountDate/>
		<bookBookbookingsPaymentDone>0</bookBookbookingsPaymentDone>
		<bookBookbookingsComments/>
		<bookBookbookingsStatut>Cl</bookBookbookingsStatut>
		<bookBookbookingsRoomNumber>3</bookBookbookingsRoomNumber>
		<bookBookbookingsGuestNumber/>
	</data>
	<data>
		<BookBookings_BookUsers_id.usr_title>MRS</BookBookings_BookUsers_id.usr_title>
		<BookBookings_BookUsers_id.usr_last_name>Desplat</BookBookings_BookUsers_id.usr_last_name>
		<BookBookings_BookUsers_id.usr_first_name>Sandrine</BookBookings_BookUsers_id.usr_first_name>
		<BookBookings_BookUsers_id.bookBookusersEmail>sdesplat@yahho.fr</BookBookings_BookUsers_id.bookBookusersEmail>
		<bookBookbookingsDate>2021-06-25</bookBookbookingsDate>
		<bookBookbookingsHour>12:15:00</bookBookbookingsHour>
		<bookBookbookingsStartDate>2021-06-30 00:00:00</bookBookbookingsStartDate>
		<bookBookbookingsEndDate>2021-07-11 00:00:00</bookBookbookingsEndDate>
		<bookBookbookingsPaymentTDate/>
		<bookBookbookingsAmountDate/>
		<bookBookbookingsPaymentDone>0</bookBookbookingsPaymentDone>
		<bookBookbookingsComments/>
		<bookBookbookingsStatut>Cl</bookBookbookingsStatut>
		<bookBookbookingsRoomNumber>2</bookBookbookingsRoomNumber>
		<bookBookbookingsGuestNumber>3</bookBookbookingsGuestNumber>
	</data>
	<data>
		<BookBookings_BookUsers_id.usr_title>MRS</BookBookings_BookUsers_id.usr_title>
		<BookBookings_BookUsers_id.usr_last_name>DUPONT</BookBookings_BookUsers_id.usr_last_name>
		<BookBookings_BookUsers_id.usr_first_name>Jeanne</BookBookings_BookUsers_id.usr_first_name>
		<BookBookings_BookUsers_id.bookBookusersEmail>jeannedupont@yahho.fr</BookBookings_BookUsers_id.bookBookusersEmail>
		<bookBookbookingsDate>2021-06-25</bookBookbookingsDate>
		<bookBookbookingsHour>12:24:00</bookBookbookingsHour>
		<bookBookbookingsStartDate>2021-08-27 00:00:00</bookBookbookingsStartDate>
		<bookBookbookingsEndDate>2021-08-29 00:00:00</bookBookbookingsEndDate>
		<bookBookbookingsPaymentTDate/>
		<bookBookbookingsAmountDate/>
		<bookBookbookingsPaymentDone>0</bookBookbookingsPaymentDone>
		<bookBookbookingsComments/>
		<bookBookbookingsStatut>TR</bookBookbookingsStatut>
		<bookBookbookingsRoomNumber>1</bookBookbookingsRoomNumber>
		<bookBookbookingsGuestNumber>1</bookBookbookingsGuestNumber>
	</data>
	<data>
		<BookBookings_BookUsers_id.usr_title>MR</BookBookings_BookUsers_id.usr_title>
		<BookBookings_BookUsers_id.usr_last_name>Ducros</BookBookings_BookUsers_id.usr_last_name>
		<BookBookings_BookUsers_id.usr_first_name>Jean-Michel</BookBookings_BookUsers_id.usr_first_name>
		<BookBookings_BookUsers_id.bookBookusersEmail>jmducrois@gm.com</BookBookings_BookUsers_id.bookBookusersEmail>
		<bookBookbookingsDate>2021-06-25</bookBookbookingsDate>
		<bookBookbookingsHour>12:30:00</bookBookbookingsHour>
		<bookBookbookingsStartDate>2021-06-25 00:00:00</bookBookbookingsStartDate>
		<bookBookbookingsEndDate>2021-06-27 00:00:00</bookBookbookingsEndDate>
		<bookBookbookingsPaymentTDate/>
		<bookBookbookingsAmountDate/>
		<bookBookbookingsPaymentDone>0</bookBookbookingsPaymentDone>
		<bookBookbookingsComments/>
		<bookBookbookingsStatut>TR</bookBookbookingsStatut>
		<bookBookbookingsRoomNumber>2</bookBookbookingsRoomNumber>
		<bookBookbookingsGuestNumber/>
	</data>
	<data>
		<BookBookings_BookUsers_id.usr_title>MR</BookBookings_BookUsers_id.usr_title>
		<BookBookings_BookUsers_id.usr_last_name>DUPONT</BookBookings_BookUsers_id.usr_last_name>
		<BookBookings_BookUsers_id.usr_first_name>Michel</BookBookings_BookUsers_id.usr_first_name>
		<BookBookings_BookUsers_id.bookBookusersEmail>mdupont@kl.com</BookBookings_BookUsers_id.bookBookusersEmail>
		<bookBookbookingsDate>2021-06-25</bookBookbookingsDate>
		<bookBookbookingsHour>12:32:00</bookBookbookingsHour>
		<bookBookbookingsStartDate>2021-06-15 00:00:00</bookBookbookingsStartDate>
		<bookBookbookingsEndDate>2021-06-27 00:00:00</bookBookbookingsEndDate>
		<bookBookbookingsPaymentTDate/>
		<bookBookbookingsAmountDate/>
		<bookBookbookingsPaymentDone>0</bookBookbookingsPaymentDone>
		<bookBookbookingsComments/>
		<bookBookbookingsStatut>TR</bookBookbookingsStatut>
		<bookBookbookingsRoomNumber>1</bookBookbookingsRoomNumber>
		<bookBookbookingsGuestNumber>2</bookBookbookingsGuestNumber>
	</data>
	<data>
		<BookBookings_BookUsers_id.usr_title>MR</BookBookings_BookUsers_id.usr_title>
		<BookBookings_BookUsers_id.usr_last_name>Desplat</BookBookings_BookUsers_id.usr_last_name>
		<BookBookings_BookUsers_id.usr_first_name>Cédric</BookBookings_BookUsers_id.usr_first_name>
		<BookBookings_BookUsers_id.bookBookusersEmail>jdesplat@gm.com</BookBookings_BookUsers_id.bookBookusersEmail>
		<bookBookbookingsDate>2021-06-25</bookBookbookingsDate>
		<bookBookbookingsHour>12:34:00</bookBookbookingsHour>
		<bookBookbookingsStartDate>2021-06-25 00:00:00</bookBookbookingsStartDate>
		<bookBookbookingsEndDate>2021-06-27 00:00:00</bookBookbookingsEndDate>
		<bookBookbookingsPaymentTDate/>
		<bookBookbookingsAmountDate/>
		<bookBookbookingsPaymentDone>0</bookBookbookingsPaymentDone>
		<bookBookbookingsComments/>
		<bookBookbookingsStatut>Cl</bookBookbookingsStatut>
		<bookBookbookingsRoomNumber>2</bookBookbookingsRoomNumber>
		<bookBookbookingsGuestNumber/>
	</data>
	<data>
		<BookBookings_BookUsers_id.usr_title>MR</BookBookings_BookUsers_id.usr_title>
		<BookBookings_BookUsers_id.usr_last_name>WILHELM</BookBookings_BookUsers_id.usr_last_name>
		<BookBookings_BookUsers_id.usr_first_name>Jean</BookBookings_BookUsers_id.usr_first_name>
		<BookBookings_BookUsers_id.bookBookusersEmail>j.wilhelm@yahh.com</BookBookings_BookUsers_id.bookBookusersEmail>
		<bookBookbookingsDate>2021-06-25</bookBookbookingsDate>
		<bookBookbookingsHour>16:21:00</bookBookbookingsHour>
		<bookBookbookingsStartDate>2021-06-25 00:00:00</bookBookbookingsStartDate>
		<bookBookbookingsEndDate>2021-06-27 00:00:00</bookBookbookingsEndDate>
		<bookBookbookingsPaymentTDate/>
		<bookBookbookingsAmountDate/>
		<bookBookbookingsPaymentDone>0</bookBookbookingsPaymentDone>
		<bookBookbookingsComments/>
		<bookBookbookingsStatut>TR</bookBookbookingsStatut>
		<bookBookbookingsRoomNumber>1</bookBookbookingsRoomNumber>
		<bookBookbookingsGuestNumber>2</bookBookbookingsGuestNumber>
	</data>
	<data>
		<BookBookings_BookUsers_id.usr_title>MR</BookBookings_BookUsers_id.usr_title>
		<BookBookings_BookUsers_id.usr_last_name>WILHELM</BookBookings_BookUsers_id.usr_last_name>
		<BookBookings_BookUsers_id.usr_first_name>Jean</BookBookings_BookUsers_id.usr_first_name>
		<BookBookings_BookUsers_id.bookBookusersEmail>cwilhelm@f.com</BookBookings_BookUsers_id.bookBookusersEmail>
		<bookBookbookingsDate>2021-06-25</bookBookbookingsDate>
		<bookBookbookingsHour>16:39:00</bookBookbookingsHour>
		<bookBookbookingsStartDate>2021-07-02 00:00:00</bookBookbookingsStartDate>
		<bookBookbookingsEndDate>2021-07-04 00:00:00</bookBookbookingsEndDate>
		<bookBookbookingsPaymentTDate/>
		<bookBookbookingsAmountDate/>
		<bookBookbookingsPaymentDone>0</bookBookbookingsPaymentDone>
		<bookBookbookingsComments/>
		<bookBookbookingsStatut>Cl</bookBookbookingsStatut>
		<bookBookbookingsRoomNumber>1</bookBookbookingsRoomNumber>
		<bookBookbookingsGuestNumber>2</bookBookbookingsGuestNumber>
	</data>
	<data>
		<BookBookings_BookUsers_id.usr_title>MR</BookBookings_BookUsers_id.usr_title>
		<BookBookings_BookUsers_id.usr_last_name>Dumont</BookBookings_BookUsers_id.usr_last_name>
		<BookBookings_BookUsers_id.usr_first_name>Cédric</BookBookings_BookUsers_id.usr_first_name>
		<BookBookings_BookUsers_id.bookBookusersEmail>cdumont@gf.com</BookBookings_BookUsers_id.bookBookusersEmail>
		<bookBookbookingsDate>2021-06-28</bookBookbookingsDate>
		<bookBookbookingsHour>11:47:50</bookBookbookingsHour>
		<bookBookbookingsStartDate>2021-07-03 00:00:00</bookBookbookingsStartDate>
		<bookBookbookingsEndDate>2021-07-04 00:00:00</bookBookbookingsEndDate>
		<bookBookbookingsPaymentTDate/>
		<bookBookbookingsAmountDate/>
		<bookBookbookingsPaymentDone>0</bookBookbookingsPaymentDone>
		<bookBookbookingsComments/>
		<bookBookbookingsStatut>TR</bookBookbookingsStatut>
		<bookBookbookingsRoomNumber>2</bookBookbookingsRoomNumber>
		<bookBookbookingsGuestNumber>2</bookBookbookingsGuestNumber>
	</data>
	<data>
		<BookBookings_BookUsers_id.usr_title>MR</BookBookings_BookUsers_id.usr_title>
		<BookBookings_BookUsers_id.usr_last_name>WILHELM</BookBookings_BookUsers_id.usr_last_name>
		<BookBookings_BookUsers_id.usr_first_name>Jean</BookBookings_BookUsers_id.usr_first_name>
		<BookBookings_BookUsers_id.bookBookusersEmail>cwilhelm@yihe.com</BookBookings_BookUsers_id.bookBookusersEmail>
		<bookBookbookingsDate>2021-06-28</bookBookbookingsDate>
		<bookBookbookingsHour>12:01:33</bookBookbookingsHour>
		<bookBookbookingsStartDate>2021-07-03 00:00:00</bookBookbookingsStartDate>
		<bookBookbookingsEndDate>2021-07-04 00:00:00</bookBookbookingsEndDate>
		<bookBookbookingsPaymentTDate/>
		<bookBookbookingsAmountDate/>
		<bookBookbookingsPaymentDone>0</bookBookbookingsPaymentDone>
		<bookBookbookingsComments/>
		<bookBookbookingsStatut>EA</bookBookbookingsStatut>
		<bookBookbookingsRoomNumber>2</bookBookbookingsRoomNumber>
		<bookBookbookingsGuestNumber>2</bookBookbookingsGuestNumber>
	</data>
	<data>
		<BookBookings_BookUsers_id.usr_title>MR</BookBookings_BookUsers_id.usr_title>
		<BookBookings_BookUsers_id.usr_last_name>WILHELM</BookBookings_BookUsers_id.usr_last_name>
		<BookBookings_BookUsers_id.usr_first_name>Jean</BookBookings_BookUsers_id.usr_first_name>
		<BookBookings_BookUsers_id.bookBookusersEmail>jwilhelm@trade.com</BookBookings_BookUsers_id.bookBookusersEmail>
		<bookBookbookingsDate>2021-06-28</bookBookbookingsDate>
		<bookBookbookingsHour>12:06:32</bookBookbookingsHour>
		<bookBookbookingsStartDate>2021-06-28 00:00:00</bookBookbookingsStartDate>
		<bookBookbookingsEndDate>2021-06-29 00:00:00</bookBookbookingsEndDate>
		<bookBookbookingsPaymentTDate/>
		<bookBookbookingsAmountDate/>
		<bookBookbookingsPaymentDone>0</bookBookbookingsPaymentDone>
		<bookBookbookingsComments/>
		<bookBookbookingsStatut>Cl</bookBookbookingsStatut>
		<bookBookbookingsRoomNumber>2</bookBookbookingsRoomNumber>
		<bookBookbookingsGuestNumber>2</bookBookbookingsGuestNumber>
	</data>
	<data>
		<BookBookings_BookUsers_id.usr_title>MR</BookBookings_BookUsers_id.usr_title>
		<BookBookings_BookUsers_id.usr_last_name>WILHELM</BookBookings_BookUsers_id.usr_last_name>
		<BookBookings_BookUsers_id.usr_first_name>Jean</BookBookings_BookUsers_id.usr_first_name>
		<BookBookings_BookUsers_id.bookBookusersEmail>cwilhelm@dfgh.com</BookBookings_BookUsers_id.bookBookusersEmail>
		<bookBookbookingsDate>2021-06-28</bookBookbookingsDate>
		<bookBookbookingsHour>12:58:57</bookBookbookingsHour>
		<bookBookbookingsStartDate>2021-06-28 00:00:00</bookBookbookingsStartDate>
		<bookBookbookingsEndDate>2021-06-29 00:00:00</bookBookbookingsEndDate>
		<bookBookbookingsPaymentTDate/>
		<bookBookbookingsAmountDate/>
		<bookBookbookingsPaymentDone>0</bookBookbookingsPaymentDone>
		<bookBookbookingsComments/>
		<bookBookbookingsStatut>TR</bookBookbookingsStatut>
		<bookBookbookingsRoomNumber>2</bookBookbookingsRoomNumber>
		<bookBookbookingsGuestNumber>2</bookBookbookingsGuestNumber>
	</data>
	<data>
		<BookBookings_BookUsers_id.usr_title>MR</BookBookings_BookUsers_id.usr_title>
		<BookBookings_BookUsers_id.usr_last_name>Delpech</BookBookings_BookUsers_id.usr_last_name>
		<BookBookings_BookUsers_id.usr_first_name>Michel</BookBookings_BookUsers_id.usr_first_name>
		<BookBookings_BookUsers_id.bookBookusersEmail>dm@simplicite.fr</BookBookings_BookUsers_id.bookBookusersEmail>
		<bookBookbookingsDate>2021-06-28</bookBookbookingsDate>
		<bookBookbookingsHour>13:13:03</bookBookbookingsHour>
		<bookBookbookingsStartDate>2021-06-28 00:00:00</bookBookbookingsStartDate>
		<bookBookbookingsEndDate>2021-06-30 00:00:00</bookBookbookingsEndDate>
		<bookBookbookingsPaymentTDate/>
		<bookBookbookingsAmountDate/>
		<bookBookbookingsPaymentDone>0</bookBookbookingsPaymentDone>
		<bookBookbookingsComments/>
		<bookBookbookingsStatut>TR</bookBookbookingsStatut>
		<bookBookbookingsRoomNumber>1</bookBookbookingsRoomNumber>
		<bookBookbookingsGuestNumber>2</bookBookbookingsGuestNumber>
	</data>
	<data>
		<BookBookings_BookUsers_id.usr_title>MR</BookBookings_BookUsers_id.usr_title>
		<BookBookings_BookUsers_id.usr_last_name>Michel</BookBookings_BookUsers_id.usr_last_name>
		<BookBookings_BookUsers_id.usr_first_name>Pascal</BookBookings_BookUsers_id.usr_first_name>
		<BookBookings_BookUsers_id.bookBookusersEmail>mp@simplicite.fr</BookBookings_BookUsers_id.bookBookusersEmail>
		<bookBookbookingsDate>2021-06-28</bookBookbookingsDate>
		<bookBookbookingsHour>13:15:24</bookBookbookingsHour>
		<bookBookbookingsStartDate>2021-06-28 00:00:00</bookBookbookingsStartDate>
		<bookBookbookingsEndDate>2021-06-29 00:00:00</bookBookbookingsEndDate>
		<bookBookbookingsPaymentTDate/>
		<bookBookbookingsAmountDate/>
		<bookBookbookingsPaymentDone>1</bookBookbookingsPaymentDone>
		<bookBookbookingsComments/>
		<bookBookbookingsStatut>TR</bookBookbookingsStatut>
		<bookBookbookingsRoomNumber>1</bookBookbookingsRoomNumber>
		<bookBookbookingsGuestNumber/>
	</data>
	<data>
		<BookBookings_BookUsers_id.usr_title>MRS</BookBookings_BookUsers_id.usr_title>
		<BookBookings_BookUsers_id.usr_last_name>ROBERT</BookBookings_BookUsers_id.usr_last_name>
		<BookBookings_BookUsers_id.usr_first_name>Julie</BookBookings_BookUsers_id.usr_first_name>
		<BookBookings_BookUsers_id.bookBookusersEmail>julie@test.com</BookBookings_BookUsers_id.bookBookusersEmail>
		<bookBookbookingsDate>2021-06-30</bookBookbookingsDate>
		<bookBookbookingsHour>11:02:46</bookBookbookingsHour>
		<bookBookbookingsStartDate>2021-09-01 00:00:00</bookBookbookingsStartDate>
		<bookBookbookingsEndDate>2021-09-05 00:00:00</bookBookbookingsEndDate>
		<bookBookbookingsPaymentTDate/>
		<bookBookbookingsAmountDate/>
		<bookBookbookingsPaymentDone>0</bookBookbookingsPaymentDone>
		<bookBookbookingsComments/>
		<bookBookbookingsStatut>TR</bookBookbookingsStatut>
		<bookBookbookingsRoomNumber>1</bookBookbookingsRoomNumber>
		<bookBookbookingsGuestNumber>2</bookBookbookingsGuestNumber>
	</data>
	<data>
		<BookBookings_BookUsers_id.usr_title>MR</BookBookings_BookUsers_id.usr_title>
		<BookBookings_BookUsers_id.usr_last_name>Delpech</BookBookings_BookUsers_id.usr_last_name>
		<BookBookings_BookUsers_id.usr_first_name>Michel</BookBookings_BookUsers_id.usr_first_name>
		<BookBookings_BookUsers_id.bookBookusersEmail>dm@simplicite.fr</BookBookings_BookUsers_id.bookBookusersEmail>
		<bookBookbookingsDate>2021-07-05</bookBookbookingsDate>
		<bookBookbookingsHour>12:46:28</bookBookbookingsHour>
		<bookBookbookingsStartDate>2021-07-07 13:50:00</bookBookbookingsStartDate>
		<bookBookbookingsEndDate>2021-07-10 23:50:00</bookBookbookingsEndDate>
		<bookBookbookingsPaymentTDate/>
		<bookBookbookingsAmountDate/>
		<bookBookbookingsPaymentDone>0</bookBookbookingsPaymentDone>
		<bookBookbookingsComments/>
		<bookBookbookingsStatut>EA</bookBookbookingsStatut>
		<bookBookbookingsRoomNumber>1</bookBookbookingsRoomNumber>
		<bookBookbookingsGuestNumber>2</bookBookbookingsGuestNumber>
	</data>
	<data>
		<BookBookings_BookUsers_id.usr_title>MR</BookBookings_BookUsers_id.usr_title>
		<BookBookings_BookUsers_id.usr_last_name>WILHELM</BookBookings_BookUsers_id.usr_last_name>
		<BookBookings_BookUsers_id.usr_first_name>Jeanne</BookBookings_BookUsers_id.usr_first_name>
		<BookBookings_BookUsers_id.bookBookusersEmail>cwilhelm@fournisseu222r.com</BookBookings_BookUsers_id.bookBookusersEmail>
		<bookBookbookingsDate>2021-07-08</bookBookbookingsDate>
		<bookBookbookingsHour>10:29:15</bookBookbookingsHour>
		<bookBookbookingsStartDate>2021-07-09 10:00:00</bookBookbookingsStartDate>
		<bookBookbookingsEndDate>2021-07-11 10:00:00</bookBookbookingsEndDate>
		<bookBookbookingsPaymentTDate/>
		<bookBookbookingsAmountDate/>
		<bookBookbookingsPaymentDone>0</bookBookbookingsPaymentDone>
		<bookBookbookingsComments><![CDATA[<p>Vu mer Jacuzzi - temp&eacute;rature de la mer &agrave; 24 minimum</p>]]></bookBookbookingsComments>
		<bookBookbookingsStatut>EA</bookBookbookingsStatut>
		<bookBookbookingsRoomNumber>2</bookBookbookingsRoomNumber>
		<bookBookbookingsGuestNumber/>
	</data>
	<data>
		<BookBookings_BookUsers_id.usr_title>MR</BookBookings_BookUsers_id.usr_title>
		<BookBookings_BookUsers_id.usr_last_name>SEITZ</BookBookings_BookUsers_id.usr_last_name>
		<BookBookings_BookUsers_id.usr_first_name>NATHALIE</BookBookings_BookUsers_id.usr_first_name>
		<BookBookings_BookUsers_id.bookBookusersEmail>nathseitz@gmail.com</BookBookings_BookUsers_id.bookBookusersEmail>
		<bookBookbookingsDate>2022-03-15</bookBookbookingsDate>
		<bookBookbookingsHour>10:34:34</bookBookbookingsHour>
		<bookBookbookingsStartDate>2022-03-15 10:00:00</bookBookbookingsStartDate>
		<bookBookbookingsEndDate>2022-03-16 17:00:00</bookBookbookingsEndDate>
		<bookBookbookingsPaymentTDate/>
		<bookBookbookingsAmountDate/>
		<bookBookbookingsPaymentDone>0</bookBookbookingsPaymentDone>
		<bookBookbookingsComments/>
		<bookBookbookingsStatut>TR</bookBookbookingsStatut>
		<bookBookbookingsRoomNumber>2</bookBookbookingsRoomNumber>
		<bookBookbookingsGuestNumber>3</bookBookbookingsGuestNumber>
	</data>
</object>
<object>
	<name>BookPayments</name>
	<action>upsert</action>
	<data>
		<BookPayments_BookBookings_id.bookBookbookingsDate>2021-06-24</BookPayments_BookBookings_id.bookBookbookingsDate>
		<BookPayments_BookBookings_id.bookBookbookingsHour>12:10:00</BookPayments_BookBookings_id.bookBookbookingsHour>
		<BookPayments_BookBookings_id.BookBookings_BookUsers_id.usr_title>MR</BookPayments_BookBookings_id.BookBookings_BookUsers_id.usr_title>
		<BookPayments_BookBookings_id.BookBookings_BookUsers_id.usr_last_name>DUPONT</BookPayments_BookBookings_id.BookBookings_BookUsers_id.usr_last_name>
		<BookPayments_BookBookings_id.BookBookings_BookUsers_id.usr_first_name>Jean</BookPayments_BookBookings_id.BookBookings_BookUsers_id.usr_first_name>
		<BookPayments_BookBookings_id.BookBookings_BookUsers_id.bookBookusersEmail>jdupont@fournisseur.com</BookPayments_BookBookings_id.BookBookings_BookUsers_id.bookBookusersEmail>
		<BookPayments_BookBookings_id.bookBookbookingsStartDate>2021-06-26 00:00:00</BookPayments_BookBookings_id.bookBookbookingsStartDate>
		<BookPayments_BookBookings_id.bookBookbookingsEndDate>2021-06-27 00:00:00</BookPayments_BookBookings_id.bookBookbookingsEndDate>
		<bookPayPaymId.bookPaymCode>PAYM002</bookPayPaymId.bookPaymCode>
		<bookPayPaymId.bookPaymLibell>Paiement direct à l'hotel</bookPayPaymId.bookPaymLibell>
		<bookPayAmount>100</bookPayAmount>
		<bookPayComments/>
	</data>
	<data>
		<BookPayments_BookBookings_id.bookBookbookingsDate>2021-06-25</BookPayments_BookBookings_id.bookBookbookingsDate>
		<BookPayments_BookBookings_id.bookBookbookingsHour>09:20:00</BookPayments_BookBookings_id.bookBookbookingsHour>
		<BookPayments_BookBookings_id.BookBookings_BookUsers_id.usr_title>MR</BookPayments_BookBookings_id.BookBookings_BookUsers_id.usr_title>
		<BookPayments_BookBookings_id.BookBookings_BookUsers_id.usr_last_name>Tridou</BookPayments_BookBookings_id.BookBookings_BookUsers_id.usr_last_name>
		<BookPayments_BookBookings_id.BookBookings_BookUsers_id.usr_first_name>Eric</BookPayments_BookBookings_id.BookBookings_BookUsers_id.usr_first_name>
		<BookPayments_BookBookings_id.BookBookings_BookUsers_id.bookBookusersEmail>etridou@fournisseur.com</BookPayments_BookBookings_id.BookBookings_BookUsers_id.bookBookusersEmail>
		<BookPayments_BookBookings_id.bookBookbookingsStartDate>2021-06-24 00:00:00</BookPayments_BookBookings_id.bookBookbookingsStartDate>
		<BookPayments_BookBookings_id.bookBookbookingsEndDate>2021-06-27 00:00:00</BookPayments_BookBookings_id.bookBookbookingsEndDate>
		<bookPayPaymId.bookPaymCode>PAYM003</bookPayPaymId.bookPaymCode>
		<bookPayPaymId.bookPaymLibell>Carte VISA</bookPayPaymId.bookPaymLibell>
		<bookPayAmount>100</bookPayAmount>
		<bookPayComments/>
	</data>
</object>
<object>
	<name>BookBookingsBookGuests</name>
	<action>upsert</action>
	<data>
		<bookBookingsfk.BookBookings_BookUsers_id.usr_last_name>DUPONT</bookBookingsfk.BookBookings_BookUsers_id.usr_last_name>
		<bookBookingsfk.BookBookings_BookUsers_id.usr_first_name>Jean</bookBookingsfk.BookBookings_BookUsers_id.usr_first_name>
		<bookBookingsfk.BookBookings_BookUsers_id.bookBookusersEmail>jdupont@fournisseur.com</bookBookingsfk.BookBookings_BookUsers_id.bookBookusersEmail>
		<bookBookingsfk.bookBookbookingsDate>2021-06-24</bookBookingsfk.bookBookbookingsDate>
		<bookBookingsfk.bookBookbookingsHour>12:10:00</bookBookingsfk.bookBookbookingsHour>
		<bookBookingsfk.bookBookbookingsStartDate>2021-06-26 00:00:00</bookBookingsfk.bookBookbookingsStartDate>
		<bookBookingsfk.bookBookbookingsEndDate>2021-06-27 00:00:00</bookBookingsfk.bookBookbookingsEndDate>
		<bookBookingsfk.bookBookbookingsStatut>Cl</bookBookingsfk.bookBookbookingsStatut>
		<bookGuestsId.usr_last_name>DUPONT</bookGuestsId.usr_last_name>
		<bookGuestsId.usr_first_name>Olivier</bookGuestsId.usr_first_name>
		<bookGuestsId.bookBookusersEmail>odupont@orange.fr</bookGuestsId.bookBookusersEmail>
		<bookBookingsGuestsBookRoomId.bookRoomCode>ROOM012</bookBookingsGuestsBookRoomId.bookRoomCode>
		<bookBookingsGuestsBookRoomId.bookRoomLabel>Room1</bookBookingsGuestsBookRoomId.bookRoomLabel>
		<bookBookingsGuestsBookRoomId.BookRoom_BookRoomType_id.bookRoomtypType><![CDATA[Chambre double]]></bookBookingsGuestsBookRoomId.BookRoom_BookRoomType_id.bookRoomtypType>
		<bookBookingsGuestsBookRoomId.bookRoomSuperficie>15</bookBookingsGuestsBookRoomId.bookRoomSuperficie>
		<bookBookingsGuestsBookRoomId.bookRoomFloor>0</bookBookingsGuestsBookRoomId.bookRoomFloor>
		<bookBookingsGuestsBookRoomId.bookRoomPhoto>BookRoom/bookRoomPhoto/0/1/rooms-best-room-1-1_800.jpg</bookBookingsGuestsBookRoomId.bookRoomPhoto>
		<bookBookingsGuestsBookRoomId.bookRoomPriceht>108</bookBookingsGuestsBookRoomId.bookRoomPriceht>
	</data>
	<data>
		<bookBookingsfk.BookBookings_BookUsers_id.usr_last_name>Desplat</bookBookingsfk.BookBookings_BookUsers_id.usr_last_name>
		<bookBookingsfk.BookBookings_BookUsers_id.usr_first_name>Cédric</bookBookingsfk.BookBookings_BookUsers_id.usr_first_name>
		<bookBookingsfk.BookBookings_BookUsers_id.bookBookusersEmail>jdesplat@gm.com</bookBookingsfk.BookBookings_BookUsers_id.bookBookusersEmail>
		<bookBookingsfk.bookBookbookingsDate>2021-06-25</bookBookingsfk.bookBookbookingsDate>
		<bookBookingsfk.bookBookbookingsHour>12:34:00</bookBookingsfk.bookBookbookingsHour>
		<bookBookingsfk.bookBookbookingsStartDate>2021-06-25 00:00:00</bookBookingsfk.bookBookbookingsStartDate>
		<bookBookingsfk.bookBookbookingsEndDate>2021-06-27 00:00:00</bookBookingsfk.bookBookbookingsEndDate>
		<bookBookingsfk.bookBookbookingsStatut>Cl</bookBookingsfk.bookBookbookingsStatut>
		<bookGuestsId.usr_last_name>Ducros</bookGuestsId.usr_last_name>
		<bookGuestsId.usr_first_name>Emeline</bookGuestsId.usr_first_name>
		<bookGuestsId.bookBookusersEmail>educros@yahho.fr</bookGuestsId.bookBookusersEmail>
		<bookBookingsGuestsBookRoomId.bookRoomCode>ROOM012</bookBookingsGuestsBookRoomId.bookRoomCode>
		<bookBookingsGuestsBookRoomId.bookRoomLabel>Room1</bookBookingsGuestsBookRoomId.bookRoomLabel>
		<bookBookingsGuestsBookRoomId.BookRoom_BookRoomType_id.bookRoomtypType><![CDATA[Chambre double]]></bookBookingsGuestsBookRoomId.BookRoom_BookRoomType_id.bookRoomtypType>
		<bookBookingsGuestsBookRoomId.bookRoomSuperficie>15</bookBookingsGuestsBookRoomId.bookRoomSuperficie>
		<bookBookingsGuestsBookRoomId.bookRoomFloor>0</bookBookingsGuestsBookRoomId.bookRoomFloor>
		<bookBookingsGuestsBookRoomId.bookRoomPhoto>BookRoom/bookRoomPhoto/0/1/rooms-best-room-1-1_800.jpg</bookBookingsGuestsBookRoomId.bookRoomPhoto>
		<bookBookingsGuestsBookRoomId.bookRoomPriceht>108</bookBookingsGuestsBookRoomId.bookRoomPriceht>
	</data>
	<data>
		<bookBookingsfk.BookBookings_BookUsers_id.usr_last_name>Desplat</bookBookingsfk.BookBookings_BookUsers_id.usr_last_name>
		<bookBookingsfk.BookBookings_BookUsers_id.usr_first_name>Cédric</bookBookingsfk.BookBookings_BookUsers_id.usr_first_name>
		<bookBookingsfk.BookBookings_BookUsers_id.bookBookusersEmail>jdesplat@gm.com</bookBookingsfk.BookBookings_BookUsers_id.bookBookusersEmail>
		<bookBookingsfk.bookBookbookingsDate>2021-06-25</bookBookingsfk.bookBookbookingsDate>
		<bookBookingsfk.bookBookbookingsHour>12:34:00</bookBookingsfk.bookBookbookingsHour>
		<bookBookingsfk.bookBookbookingsStartDate>2021-06-25 00:00:00</bookBookingsfk.bookBookbookingsStartDate>
		<bookBookingsfk.bookBookbookingsEndDate>2021-06-27 00:00:00</bookBookingsfk.bookBookbookingsEndDate>
		<bookBookingsfk.bookBookbookingsStatut>Cl</bookBookingsfk.bookBookbookingsStatut>
		<bookGuestsId.usr_last_name>WILHELM</bookGuestsId.usr_last_name>
		<bookGuestsId.usr_first_name>Marie</bookGuestsId.usr_first_name>
		<bookGuestsId.bookBookusersEmail>mwilhelm@orange.fr</bookGuestsId.bookBookusersEmail>
		<bookBookingsGuestsBookRoomId.bookRoomCode>ROOM012</bookBookingsGuestsBookRoomId.bookRoomCode>
		<bookBookingsGuestsBookRoomId.bookRoomLabel>Room1</bookBookingsGuestsBookRoomId.bookRoomLabel>
		<bookBookingsGuestsBookRoomId.BookRoom_BookRoomType_id.bookRoomtypType><![CDATA[Chambre double]]></bookBookingsGuestsBookRoomId.BookRoom_BookRoomType_id.bookRoomtypType>
		<bookBookingsGuestsBookRoomId.bookRoomSuperficie>15</bookBookingsGuestsBookRoomId.bookRoomSuperficie>
		<bookBookingsGuestsBookRoomId.bookRoomFloor>0</bookBookingsGuestsBookRoomId.bookRoomFloor>
		<bookBookingsGuestsBookRoomId.bookRoomPhoto>BookRoom/bookRoomPhoto/0/1/rooms-best-room-1-1_800.jpg</bookBookingsGuestsBookRoomId.bookRoomPhoto>
		<bookBookingsGuestsBookRoomId.bookRoomPriceht>108</bookBookingsGuestsBookRoomId.bookRoomPriceht>
	</data>
	<data>
		<bookBookingsfk.BookBookings_BookUsers_id.usr_last_name>DUPONT</bookBookingsfk.BookBookings_BookUsers_id.usr_last_name>
		<bookBookingsfk.BookBookings_BookUsers_id.usr_first_name>Jeanne</bookBookingsfk.BookBookings_BookUsers_id.usr_first_name>
		<bookBookingsfk.BookBookings_BookUsers_id.bookBookusersEmail>jeannedupont@yahho.fr</bookBookingsfk.BookBookings_BookUsers_id.bookBookusersEmail>
		<bookBookingsfk.bookBookbookingsDate>2021-06-25</bookBookingsfk.bookBookbookingsDate>
		<bookBookingsfk.bookBookbookingsHour>12:24:00</bookBookingsfk.bookBookbookingsHour>
		<bookBookingsfk.bookBookbookingsStartDate>2021-08-27 00:00:00</bookBookingsfk.bookBookbookingsStartDate>
		<bookBookingsfk.bookBookbookingsEndDate>2021-08-29 00:00:00</bookBookingsfk.bookBookbookingsEndDate>
		<bookBookingsfk.bookBookbookingsStatut>TR</bookBookingsfk.bookBookbookingsStatut>
		<bookGuestsId.usr_last_name>Ducros</bookGuestsId.usr_last_name>
		<bookGuestsId.usr_first_name>Emeline</bookGuestsId.usr_first_name>
		<bookGuestsId.bookBookusersEmail>educros@yahho.fr</bookGuestsId.bookBookusersEmail>
		<bookBookingsGuestsBookRoomId.bookRoomCode>ROOM015</bookBookingsGuestsBookRoomId.bookRoomCode>
		<bookBookingsGuestsBookRoomId.bookRoomLabel>Room 2</bookBookingsGuestsBookRoomId.bookRoomLabel>
		<bookBookingsGuestsBookRoomId.BookRoom_BookRoomType_id.bookRoomtypType><![CDATA[Chambre double]]></bookBookingsGuestsBookRoomId.BookRoom_BookRoomType_id.bookRoomtypType>
		<bookBookingsGuestsBookRoomId.bookRoomSuperficie>17</bookBookingsGuestsBookRoomId.bookRoomSuperficie>
		<bookBookingsGuestsBookRoomId.bookRoomFloor>0</bookBookingsGuestsBookRoomId.bookRoomFloor>
		<bookBookingsGuestsBookRoomId.bookRoomPhoto>BookRoom/bookRoomPhoto/0/2/pure-house-ibiza-best-2-3_800.jpg</bookBookingsGuestsBookRoomId.bookRoomPhoto>
		<bookBookingsGuestsBookRoomId.bookRoomPriceht>150</bookBookingsGuestsBookRoomId.bookRoomPriceht>
	</data>
	<data>
		<bookBookingsfk.BookBookings_BookUsers_id.usr_last_name>DUPONT</bookBookingsfk.BookBookings_BookUsers_id.usr_last_name>
		<bookBookingsfk.BookBookings_BookUsers_id.usr_first_name>Jeanne</bookBookingsfk.BookBookings_BookUsers_id.usr_first_name>
		<bookBookingsfk.BookBookings_BookUsers_id.bookBookusersEmail>jeannedupont@yahho.fr</bookBookingsfk.BookBookings_BookUsers_id.bookBookusersEmail>
		<bookBookingsfk.bookBookbookingsDate>2021-06-25</bookBookingsfk.bookBookbookingsDate>
		<bookBookingsfk.bookBookbookingsHour>12:24:00</bookBookingsfk.bookBookbookingsHour>
		<bookBookingsfk.bookBookbookingsStartDate>2021-08-27 00:00:00</bookBookingsfk.bookBookbookingsStartDate>
		<bookBookingsfk.bookBookbookingsEndDate>2021-08-29 00:00:00</bookBookingsfk.bookBookbookingsEndDate>
		<bookBookingsfk.bookBookbookingsStatut>TR</bookBookingsfk.bookBookbookingsStatut>
		<bookGuestsId.usr_last_name>Pierreafeu</bookGuestsId.usr_last_name>
		<bookGuestsId.usr_first_name>Pierrette</bookGuestsId.usr_first_name>
		<bookGuestsId.bookBookusersEmail>PP@simplicite.fr</bookGuestsId.bookBookusersEmail>
		<bookBookingsGuestsBookRoomId.bookRoomCode>ROOM015</bookBookingsGuestsBookRoomId.bookRoomCode>
		<bookBookingsGuestsBookRoomId.bookRoomLabel>Room 2</bookBookingsGuestsBookRoomId.bookRoomLabel>
		<bookBookingsGuestsBookRoomId.BookRoom_BookRoomType_id.bookRoomtypType><![CDATA[Chambre double]]></bookBookingsGuestsBookRoomId.BookRoom_BookRoomType_id.bookRoomtypType>
		<bookBookingsGuestsBookRoomId.bookRoomSuperficie>17</bookBookingsGuestsBookRoomId.bookRoomSuperficie>
		<bookBookingsGuestsBookRoomId.bookRoomFloor>0</bookBookingsGuestsBookRoomId.bookRoomFloor>
		<bookBookingsGuestsBookRoomId.bookRoomPhoto>BookRoom/bookRoomPhoto/0/2/pure-house-ibiza-best-2-3_800.jpg</bookBookingsGuestsBookRoomId.bookRoomPhoto>
		<bookBookingsGuestsBookRoomId.bookRoomPriceht>150</bookBookingsGuestsBookRoomId.bookRoomPriceht>
	</data>
	<data>
		<bookBookingsfk.BookBookings_BookUsers_id.usr_last_name>WILHELM</bookBookingsfk.BookBookings_BookUsers_id.usr_last_name>
		<bookBookingsfk.BookBookings_BookUsers_id.usr_first_name>Jean</bookBookingsfk.BookBookings_BookUsers_id.usr_first_name>
		<bookBookingsfk.BookBookings_BookUsers_id.bookBookusersEmail>jwilhelm@trade.com</bookBookingsfk.BookBookings_BookUsers_id.bookBookusersEmail>
		<bookBookingsfk.bookBookbookingsDate>2021-06-28</bookBookingsfk.bookBookbookingsDate>
		<bookBookingsfk.bookBookbookingsHour>12:06:32</bookBookingsfk.bookBookbookingsHour>
		<bookBookingsfk.bookBookbookingsStartDate>2021-06-28 00:00:00</bookBookingsfk.bookBookbookingsStartDate>
		<bookBookingsfk.bookBookbookingsEndDate>2021-06-29 00:00:00</bookBookingsfk.bookBookbookingsEndDate>
		<bookBookingsfk.bookBookbookingsStatut>Cl</bookBookingsfk.bookBookbookingsStatut>
		<bookGuestsId.usr_last_name/>
		<bookGuestsId.usr_first_name/>
		<bookGuestsId.bookBookusersEmail/>
		<bookBookingsGuestsBookRoomId.bookRoomCode>ROOM015</bookBookingsGuestsBookRoomId.bookRoomCode>
		<bookBookingsGuestsBookRoomId.bookRoomLabel>Room 2</bookBookingsGuestsBookRoomId.bookRoomLabel>
		<bookBookingsGuestsBookRoomId.BookRoom_BookRoomType_id.bookRoomtypType><![CDATA[Chambre double]]></bookBookingsGuestsBookRoomId.BookRoom_BookRoomType_id.bookRoomtypType>
		<bookBookingsGuestsBookRoomId.bookRoomSuperficie>17</bookBookingsGuestsBookRoomId.bookRoomSuperficie>
		<bookBookingsGuestsBookRoomId.bookRoomFloor>0</bookBookingsGuestsBookRoomId.bookRoomFloor>
		<bookBookingsGuestsBookRoomId.bookRoomPhoto>BookRoom/bookRoomPhoto/0/2/pure-house-ibiza-best-2-3_800.jpg</bookBookingsGuestsBookRoomId.bookRoomPhoto>
		<bookBookingsGuestsBookRoomId.bookRoomPriceht>150</bookBookingsGuestsBookRoomId.bookRoomPriceht>
	</data>
	<data>
		<bookBookingsfk.BookBookings_BookUsers_id.usr_last_name>WILHELM</bookBookingsfk.BookBookings_BookUsers_id.usr_last_name>
		<bookBookingsfk.BookBookings_BookUsers_id.usr_first_name>Jean</bookBookingsfk.BookBookings_BookUsers_id.usr_first_name>
		<bookBookingsfk.BookBookings_BookUsers_id.bookBookusersEmail>cwilhelm@dfgh.com</bookBookingsfk.BookBookings_BookUsers_id.bookBookusersEmail>
		<bookBookingsfk.bookBookbookingsDate>2021-06-28</bookBookingsfk.bookBookbookingsDate>
		<bookBookingsfk.bookBookbookingsHour>12:58:57</bookBookingsfk.bookBookbookingsHour>
		<bookBookingsfk.bookBookbookingsStartDate>2021-06-28 00:00:00</bookBookingsfk.bookBookbookingsStartDate>
		<bookBookingsfk.bookBookbookingsEndDate>2021-06-29 00:00:00</bookBookingsfk.bookBookbookingsEndDate>
		<bookBookingsfk.bookBookbookingsStatut>TR</bookBookingsfk.bookBookbookingsStatut>
		<bookGuestsId.usr_last_name>WILHELM</bookGuestsId.usr_last_name>
		<bookGuestsId.usr_first_name>Jeanne</bookGuestsId.usr_first_name>
		<bookGuestsId.bookBookusersEmail>cwilhelm@gfttg.com</bookGuestsId.bookBookusersEmail>
		<bookBookingsGuestsBookRoomId.bookRoomCode>ROOM022</bookBookingsGuestsBookRoomId.bookRoomCode>
		<bookBookingsGuestsBookRoomId.bookRoomLabel>Room 4</bookBookingsGuestsBookRoomId.bookRoomLabel>
		<bookBookingsGuestsBookRoomId.BookRoom_BookRoomType_id.bookRoomtypType><![CDATA[Chambre double]]></bookBookingsGuestsBookRoomId.BookRoom_BookRoomType_id.bookRoomtypType>
		<bookBookingsGuestsBookRoomId.bookRoomSuperficie>15</bookBookingsGuestsBookRoomId.bookRoomSuperficie>
		<bookBookingsGuestsBookRoomId.bookRoomFloor>1</bookBookingsGuestsBookRoomId.bookRoomFloor>
		<bookBookingsGuestsBookRoomId.bookRoomPhoto>BookRoom/bookRoomPhoto/0/4/rooms-intimate-room.jpg</bookBookingsGuestsBookRoomId.bookRoomPhoto>
		<bookBookingsGuestsBookRoomId.bookRoomPriceht>15</bookBookingsGuestsBookRoomId.bookRoomPriceht>
	</data>
	<data>
		<bookBookingsfk.BookBookings_BookUsers_id.usr_last_name>Delpech</bookBookingsfk.BookBookings_BookUsers_id.usr_last_name>
		<bookBookingsfk.BookBookings_BookUsers_id.usr_first_name>Michel</bookBookingsfk.BookBookings_BookUsers_id.usr_first_name>
		<bookBookingsfk.BookBookings_BookUsers_id.bookBookusersEmail>dm@simplicite.fr</bookBookingsfk.BookBookings_BookUsers_id.bookBookusersEmail>
		<bookBookingsfk.bookBookbookingsDate>2021-06-28</bookBookingsfk.bookBookbookingsDate>
		<bookBookingsfk.bookBookbookingsHour>13:13:03</bookBookingsfk.bookBookbookingsHour>
		<bookBookingsfk.bookBookbookingsStartDate>2021-06-28 00:00:00</bookBookingsfk.bookBookbookingsStartDate>
		<bookBookingsfk.bookBookbookingsEndDate>2021-06-30 00:00:00</bookBookingsfk.bookBookbookingsEndDate>
		<bookBookingsfk.bookBookbookingsStatut>TR</bookBookingsfk.bookBookbookingsStatut>
		<bookGuestsId.usr_last_name>Bidou</bookGuestsId.usr_last_name>
		<bookGuestsId.usr_first_name>Nadège</bookGuestsId.usr_first_name>
		<bookGuestsId.bookBookusersEmail>bn@simplicite.fr</bookGuestsId.bookBookusersEmail>
		<bookBookingsGuestsBookRoomId.bookRoomCode>ROOM016</bookBookingsGuestsBookRoomId.bookRoomCode>
		<bookBookingsGuestsBookRoomId.bookRoomLabel>Room 3</bookBookingsGuestsBookRoomId.bookRoomLabel>
		<bookBookingsGuestsBookRoomId.BookRoom_BookRoomType_id.bookRoomtypType><![CDATA[Chambre simple]]></bookBookingsGuestsBookRoomId.BookRoom_BookRoomType_id.bookRoomtypType>
		<bookBookingsGuestsBookRoomId.bookRoomSuperficie>12</bookBookingsGuestsBookRoomId.bookRoomSuperficie>
		<bookBookingsGuestsBookRoomId.bookRoomFloor>0</bookBookingsGuestsBookRoomId.bookRoomFloor>
		<bookBookingsGuestsBookRoomId.bookRoomPhoto>BookRoom/bookRoomPhoto/0/3/rooms-best-room-2_500.jpg</bookBookingsGuestsBookRoomId.bookRoomPhoto>
		<bookBookingsGuestsBookRoomId.bookRoomPriceht>50</bookBookingsGuestsBookRoomId.bookRoomPriceht>
	</data>
	<data>
		<bookBookingsfk.BookBookings_BookUsers_id.usr_last_name>Ducros</bookBookingsfk.BookBookings_BookUsers_id.usr_last_name>
		<bookBookingsfk.BookBookings_BookUsers_id.usr_first_name>Jean-Michel</bookBookingsfk.BookBookings_BookUsers_id.usr_first_name>
		<bookBookingsfk.BookBookings_BookUsers_id.bookBookusersEmail>jmducrois@gm.com</bookBookingsfk.BookBookings_BookUsers_id.bookBookusersEmail>
		<bookBookingsfk.bookBookbookingsDate>2021-06-25</bookBookingsfk.bookBookbookingsDate>
		<bookBookingsfk.bookBookbookingsHour>12:30:00</bookBookingsfk.bookBookbookingsHour>
		<bookBookingsfk.bookBookbookingsStartDate>2021-06-25 00:00:00</bookBookingsfk.bookBookbookingsStartDate>
		<bookBookingsfk.bookBookbookingsEndDate>2021-06-27 00:00:00</bookBookingsfk.bookBookbookingsEndDate>
		<bookBookingsfk.bookBookbookingsStatut>TR</bookBookingsfk.bookBookbookingsStatut>
		<bookGuestsId.usr_last_name/>
		<bookGuestsId.usr_first_name/>
		<bookGuestsId.bookBookusersEmail/>
		<bookBookingsGuestsBookRoomId.bookRoomCode>ROOM022</bookBookingsGuestsBookRoomId.bookRoomCode>
		<bookBookingsGuestsBookRoomId.bookRoomLabel>Room 4</bookBookingsGuestsBookRoomId.bookRoomLabel>
		<bookBookingsGuestsBookRoomId.BookRoom_BookRoomType_id.bookRoomtypType><![CDATA[Chambre double]]></bookBookingsGuestsBookRoomId.BookRoom_BookRoomType_id.bookRoomtypType>
		<bookBookingsGuestsBookRoomId.bookRoomSuperficie>15</bookBookingsGuestsBookRoomId.bookRoomSuperficie>
		<bookBookingsGuestsBookRoomId.bookRoomFloor>1</bookBookingsGuestsBookRoomId.bookRoomFloor>
		<bookBookingsGuestsBookRoomId.bookRoomPhoto>BookRoom/bookRoomPhoto/0/4/rooms-intimate-room.jpg</bookBookingsGuestsBookRoomId.bookRoomPhoto>
		<bookBookingsGuestsBookRoomId.bookRoomPriceht>15</bookBookingsGuestsBookRoomId.bookRoomPriceht>
	</data>
	<data>
		<bookBookingsfk.BookBookings_BookUsers_id.usr_last_name>Michel</bookBookingsfk.BookBookings_BookUsers_id.usr_last_name>
		<bookBookingsfk.BookBookings_BookUsers_id.usr_first_name>Pascal</bookBookingsfk.BookBookings_BookUsers_id.usr_first_name>
		<bookBookingsfk.BookBookings_BookUsers_id.bookBookusersEmail>mp@simplicite.fr</bookBookingsfk.BookBookings_BookUsers_id.bookBookusersEmail>
		<bookBookingsfk.bookBookbookingsDate>2021-06-28</bookBookingsfk.bookBookbookingsDate>
		<bookBookingsfk.bookBookbookingsHour>13:15:24</bookBookingsfk.bookBookbookingsHour>
		<bookBookingsfk.bookBookbookingsStartDate>2021-06-28 00:00:00</bookBookingsfk.bookBookbookingsStartDate>
		<bookBookingsfk.bookBookbookingsEndDate>2021-06-29 00:00:00</bookBookingsfk.bookBookbookingsEndDate>
		<bookBookingsfk.bookBookbookingsStatut>TR</bookBookingsfk.bookBookbookingsStatut>
		<bookGuestsId.usr_last_name>WILHELM</bookGuestsId.usr_last_name>
		<bookGuestsId.usr_first_name>Marie</bookGuestsId.usr_first_name>
		<bookGuestsId.bookBookusersEmail>mwilhelm@orange.fr</bookGuestsId.bookBookusersEmail>
		<bookBookingsGuestsBookRoomId.bookRoomCode>ROOM012</bookBookingsGuestsBookRoomId.bookRoomCode>
		<bookBookingsGuestsBookRoomId.bookRoomLabel>Room1</bookBookingsGuestsBookRoomId.bookRoomLabel>
		<bookBookingsGuestsBookRoomId.BookRoom_BookRoomType_id.bookRoomtypType><![CDATA[Chambre double]]></bookBookingsGuestsBookRoomId.BookRoom_BookRoomType_id.bookRoomtypType>
		<bookBookingsGuestsBookRoomId.bookRoomSuperficie>15</bookBookingsGuestsBookRoomId.bookRoomSuperficie>
		<bookBookingsGuestsBookRoomId.bookRoomFloor>0</bookBookingsGuestsBookRoomId.bookRoomFloor>
		<bookBookingsGuestsBookRoomId.bookRoomPhoto>BookRoom/bookRoomPhoto/0/1/rooms-best-room-1-1_800.jpg</bookBookingsGuestsBookRoomId.bookRoomPhoto>
		<bookBookingsGuestsBookRoomId.bookRoomPriceht>108</bookBookingsGuestsBookRoomId.bookRoomPriceht>
	</data>
	<data>
		<bookBookingsfk.BookBookings_BookUsers_id.usr_last_name>Pierre</bookBookingsfk.BookBookings_BookUsers_id.usr_last_name>
		<bookBookingsfk.BookBookings_BookUsers_id.usr_first_name>Paul Jacque</bookBookingsfk.BookBookings_BookUsers_id.usr_first_name>
		<bookBookingsfk.BookBookings_BookUsers_id.bookBookusersEmail>PPJJ@simplicite.fr</bookBookingsfk.BookBookings_BookUsers_id.bookBookusersEmail>
		<bookBookingsfk.bookBookbookingsDate>2021-06-25</bookBookingsfk.bookBookbookingsDate>
		<bookBookingsfk.bookBookbookingsHour>11:46:00</bookBookingsfk.bookBookbookingsHour>
		<bookBookingsfk.bookBookbookingsStartDate>2021-07-08 10:00:00</bookBookingsfk.bookBookbookingsStartDate>
		<bookBookingsfk.bookBookbookingsEndDate>2021-07-09 12:00:00</bookBookingsfk.bookBookbookingsEndDate>
		<bookBookingsfk.bookBookbookingsStatut>TR</bookBookingsfk.bookBookbookingsStatut>
		<bookGuestsId.usr_last_name/>
		<bookGuestsId.usr_first_name/>
		<bookGuestsId.bookBookusersEmail/>
		<bookBookingsGuestsBookRoomId.bookRoomCode>ROOM022</bookBookingsGuestsBookRoomId.bookRoomCode>
		<bookBookingsGuestsBookRoomId.bookRoomLabel>Room 4</bookBookingsGuestsBookRoomId.bookRoomLabel>
		<bookBookingsGuestsBookRoomId.BookRoom_BookRoomType_id.bookRoomtypType><![CDATA[Chambre double]]></bookBookingsGuestsBookRoomId.BookRoom_BookRoomType_id.bookRoomtypType>
		<bookBookingsGuestsBookRoomId.bookRoomSuperficie>15</bookBookingsGuestsBookRoomId.bookRoomSuperficie>
		<bookBookingsGuestsBookRoomId.bookRoomFloor>1</bookBookingsGuestsBookRoomId.bookRoomFloor>
		<bookBookingsGuestsBookRoomId.bookRoomPhoto>BookRoom/bookRoomPhoto/0/4/rooms-intimate-room.jpg</bookBookingsGuestsBookRoomId.bookRoomPhoto>
		<bookBookingsGuestsBookRoomId.bookRoomPriceht>15</bookBookingsGuestsBookRoomId.bookRoomPriceht>
	</data>
	<data>
		<bookBookingsfk.BookBookings_BookUsers_id.usr_last_name>WILHELM</bookBookingsfk.BookBookings_BookUsers_id.usr_last_name>
		<bookBookingsfk.BookBookings_BookUsers_id.usr_first_name>Jeanne</bookBookingsfk.BookBookings_BookUsers_id.usr_first_name>
		<bookBookingsfk.BookBookings_BookUsers_id.bookBookusersEmail>cwilhelm@fournisseu222r.com</bookBookingsfk.BookBookings_BookUsers_id.bookBookusersEmail>
		<bookBookingsfk.bookBookbookingsDate>2021-07-08</bookBookingsfk.bookBookbookingsDate>
		<bookBookingsfk.bookBookbookingsHour>10:29:15</bookBookingsfk.bookBookbookingsHour>
		<bookBookingsfk.bookBookbookingsStartDate>2021-07-09 10:00:00</bookBookingsfk.bookBookbookingsStartDate>
		<bookBookingsfk.bookBookbookingsEndDate>2021-07-11 10:00:00</bookBookingsfk.bookBookbookingsEndDate>
		<bookBookingsfk.bookBookbookingsStatut>EA</bookBookingsfk.bookBookbookingsStatut>
		<bookGuestsId.usr_last_name>WILHELM</bookGuestsId.usr_last_name>
		<bookGuestsId.usr_first_name>Jean</bookGuestsId.usr_first_name>
		<bookGuestsId.bookBookusersEmail>ekermarrec@gail.com</bookGuestsId.bookBookusersEmail>
		<bookBookingsGuestsBookRoomId.bookRoomCode/>
		<bookBookingsGuestsBookRoomId.bookRoomLabel/>
		<bookBookingsGuestsBookRoomId.BookRoom_BookRoomType_id.bookRoomtypType/>
		<bookBookingsGuestsBookRoomId.bookRoomSuperficie/>
		<bookBookingsGuestsBookRoomId.bookRoomFloor/>
		<bookBookingsGuestsBookRoomId.bookRoomPhoto/>
		<bookBookingsGuestsBookRoomId.bookRoomPriceht/>
	</data>
	<data>
		<bookBookingsfk.BookBookings_BookUsers_id.usr_last_name>SEITZ</bookBookingsfk.BookBookings_BookUsers_id.usr_last_name>
		<bookBookingsfk.BookBookings_BookUsers_id.usr_first_name>NATHALIE</bookBookingsfk.BookBookings_BookUsers_id.usr_first_name>
		<bookBookingsfk.BookBookings_BookUsers_id.bookBookusersEmail>nathseitz@gmail.com</bookBookingsfk.BookBookings_BookUsers_id.bookBookusersEmail>
		<bookBookingsfk.bookBookbookingsDate>2022-03-15</bookBookingsfk.bookBookbookingsDate>
		<bookBookingsfk.bookBookbookingsHour>10:34:34</bookBookingsfk.bookBookbookingsHour>
		<bookBookingsfk.bookBookbookingsStartDate>2022-03-15 10:00:00</bookBookingsfk.bookBookbookingsStartDate>
		<bookBookingsfk.bookBookbookingsEndDate>2022-03-16 17:00:00</bookBookingsfk.bookBookbookingsEndDate>
		<bookBookingsfk.bookBookbookingsStatut>TR</bookBookingsfk.bookBookbookingsStatut>
		<bookGuestsId.usr_last_name>ZEBILDER</bookGuestsId.usr_last_name>
		<bookGuestsId.usr_first_name>Robert</bookGuestsId.usr_first_name>
		<bookGuestsId.bookBookusersEmail>nseitz@simplicite.fr</bookGuestsId.bookBookusersEmail>
		<bookBookingsGuestsBookRoomId.bookRoomCode>ROOM016</bookBookingsGuestsBookRoomId.bookRoomCode>
		<bookBookingsGuestsBookRoomId.bookRoomLabel>Room 3</bookBookingsGuestsBookRoomId.bookRoomLabel>
		<bookBookingsGuestsBookRoomId.BookRoom_BookRoomType_id.bookRoomtypType><![CDATA[Chambre simple]]></bookBookingsGuestsBookRoomId.BookRoom_BookRoomType_id.bookRoomtypType>
		<bookBookingsGuestsBookRoomId.bookRoomSuperficie>12</bookBookingsGuestsBookRoomId.bookRoomSuperficie>
		<bookBookingsGuestsBookRoomId.bookRoomFloor>0</bookBookingsGuestsBookRoomId.bookRoomFloor>
		<bookBookingsGuestsBookRoomId.bookRoomPhoto>BookRoom/bookRoomPhoto/0/3/rooms-best-room-2_500.jpg</bookBookingsGuestsBookRoomId.bookRoomPhoto>
		<bookBookingsGuestsBookRoomId.bookRoomPriceht>50</bookBookingsGuestsBookRoomId.bookRoomPriceht>
	</data>
</object>
</simplicite>
