<?xml version="1.0" encoding="UTF-8"?>
<simplicite xmlns:xsi="http://www.w3.org/2001/XMLSchema-instance" xmlns="http://www.simplicite.fr/base" xsi:schemaLocation="http://www.simplicite.fr/base https://www.simplicite.io/resources/schemas/base.xsd">
<object>
	<name>BookRoomEquipment</name>
	<action>upsert</action>
	<data>
		<bookEquLibell>Armoire ou penderie</bookEquLibell>
		<bookEquCode>REQU001</bookEquCode>
	</data>
</object>
<object>
	<name>BookRoomEquipment</name>
	<action>upsert</action>
	<data>
		<bookEquLibell>Gel hydroalcoolique</bookEquLibell>
		<bookEquCode>REQU002</bookEquCode>
	</data>
</object>
<object>
	<name>BookRoomEquipment</name>
	<action>upsert</action>
	<data>
		<bookEquLibell>Minibar</bookEquLibell>
		<bookEquCode>REQU003</bookEquCode>
	</data>
</object>
<object>
	<name>BookRoomEquipment</name>
	<action>upsert</action>
	<data>
		<bookEquLibell>Coffre-fort</bookEquLibell>
		<bookEquCode>REQU004</bookEquCode>
	</data>
</object>
<object>
	<name>BookRoomEquipment</name>
	<action>upsert</action>
	<data>
		<bookEquLibell>Bureau</bookEquLibell>
		<bookEquCode>REQU005</bookEquCode>
	</data>
</object>
<object>
	<name>BookRoomEquipment</name>
	<action>upsert</action>
	<data>
		<bookEquLibell>Téléphone</bookEquLibell>
		<bookEquCode>REQU006</bookEquCode>
	</data>
</object>
<object>
	<name>BookRoomEquipment</name>
	<action>upsert</action>
	<data>
		<bookEquLibell>Portant</bookEquLibell>
		<bookEquCode>REQU007</bookEquCode>
	</data>
</object>
<object>
	<name>BookRoomEquipment</name>
	<action>upsert</action>
	<data>
		<bookEquLibell>Matériel de repassage</bookEquLibell>
		<bookEquCode>REQU008</bookEquCode>
	</data>
</object>
<object>
	<name>BookRoomEquipment</name>
	<action>upsert</action>
	<data>
		<bookEquLibell>Moquette</bookEquLibell>
		<bookEquCode>REQU009</bookEquCode>
	</data>
</object>
<object>
	<name>BookPaymentMethod</name>
	<action>upsert</action>
	<data>
		<bookPaymCode>PAYM001</bookPaymCode>
		<bookPaymLibell>MasterCard</bookPaymLibell>
	</data>
</object>
<object>
	<name>BookPaymentMethod</name>
	<action>upsert</action>
	<data>
		<bookPaymCode>PAYM002</bookPaymCode>
		<bookPaymLibell>Paypal</bookPaymLibell>
	</data>
</object>
<object>
	<name>BookPaymentMethod</name>
	<action>upsert</action>
	<data>
		<bookPaymCode>PAYM003</bookPaymCode>
		<bookPaymLibell>Paiement direct à l'hotel</bookPaymLibell>
	</data>
</object>
<object>
	<name>BookPaymentMethod</name>
	<action>upsert</action>
	<data>
		<bookPaymCode>PAYM004</bookPaymCode>
		<bookPaymLibell>Carte bleue</bookPaymLibell>
	</data>
</object>
<object>
	<name>BookPaymentMethod</name>
	<action>upsert</action>
	<data>
		<bookPaymCode>PAYM005</bookPaymCode>
		<bookPaymLibell>Carte VISA</bookPaymLibell>
	</data>
</object>
<object>
	<name>BookPaymentMethod</name>
	<action>upsert</action>
	<data>
		<bookPaymCode>PAYM006</bookPaymCode>
		<bookPaymLibell>Virement bancaire</bookPaymLibell>
	</data>
</object>
<object>
	<name>BookRoomService</name>
	<action>upsert</action>
	<data>
		<bookRservCode>RSERV001</bookRservCode>
		<bookRservLibell>Parking</bookRservLibell>
	</data>
</object>
<object>
	<name>BookRoomService</name>
	<action>upsert</action>
	<data>
		<bookRservCode>RSERV002</bookRservCode>
		<bookRservLibell>Chambres non-fumeurs</bookRservLibell>
	</data>
</object>
<object>
	<name>BookRoomService</name>
	<action>upsert</action>
	<data>
		<bookRservCode>RSERV003</bookRservCode>
		<bookRservLibell>Services d'étage</bookRservLibell>
	</data>
</object>
<object>
	<name>BookRoomService</name>
	<action>upsert</action>
	<data>
		<bookRservCode>RSERV004</bookRservCode>
		<bookRservLibell>Réception ouvertes 24h/24</bookRservLibell>
	</data>
</object>
<object>
	<name>BookRoomService</name>
	<action>upsert</action>
	<data>
		<bookRservCode>RSERV005</bookRservCode>
		<bookRservLibell>Bar</bookRservLibell>
	</data>
</object>
<object>
	<name>BookRoomService</name>
	<action>upsert</action>
	<data>
		<bookRservCode>RSERV006</bookRservCode>
		<bookRservLibell>Télévision à écran plat</bookRservLibell>
	</data>
</object>
<object>
	<name>BookRoomType</name>
	<action>upsert</action>
	<data>
		<bookRoomtypCode>RTYP001</bookRoomtypCode>
		<bookRoomtypType>Chambre double</bookRoomtypType>
	</data>
</object>
<object>
	<name>BookRoomType</name>
	<action>upsert</action>
	<data>
		<bookRoomtypCode>RTYP002</bookRoomtypCode>
		<bookRoomtypType>Chambre simple</bookRoomtypType>
	</data>
</object>
<object>
	<name>BookRoomType</name>
	<action>upsert</action>
	<data>
		<bookRoomtypCode>RTYP003</bookRoomtypCode>
		<bookRoomtypType>Chambre triple</bookRoomtypType>
	</data>
</object>
<object>
	<name>BookRoom</name>
	<action>upsert</action>
	<data>
		<bookRoomCode>ROOM001</bookRoomCode>
		<bookRoomLabel>Room 2</bookRoomLabel>
		<bookRoomBookRoomTypeId.bookRoomtypCode>RTYP001</bookRoomBookRoomTypeId.bookRoomtypCode>
		<bookRoomBookRoomTypeId.bookRoomtypType>Chambre double</bookRoomBookRoomTypeId.bookRoomtypType>
		<bookRoomDesc><![CDATA[<p>Lit double King size<br />Salle de bains avec douche et toilettes Entrée privée<br />Air conditionné et chauffage<br />Ventilateur<br /><br /></p>]]></bookRoomDesc>
		<bookRoomSuperficie>17</bookRoomSuperficie>
		<bookRoomFloor>0</bookRoomFloor>
		<bookRoomPhoto>BookRoom/bookRoomPhoto/0/1/room-best-2-3_800.jpg</bookRoomPhoto>
		<bookRoomPriceht>150</bookRoomPriceht>
	</data>
</object>
<object>
	<name>BookRoom</name>
	<action>upsert</action>
	<data>
		<bookRoomCode>ROOM002</bookRoomCode>
		<bookRoomLabel>Room1</bookRoomLabel>
		<bookRoomBookRoomTypeId.bookRoomtypCode>RTYP001</bookRoomBookRoomTypeId.bookRoomtypCode>
		<bookRoomBookRoomTypeId.bookRoomtypType>Chambre double</bookRoomBookRoomTypeId.bookRoomtypType>
		<bookRoomDesc><![CDATA[<p>Cette chambre situ&eacute;e c&ocirc;t&eacute; rue comporte une t&eacute;l&eacute;vision par satellite, une connexion Wi-Fi gratuite et une salle de bains privative.</p>
<p>This street-side room fe]]></bookRoomDesc>
		<bookRoomSuperficie>15</bookRoomSuperficie>
		<bookRoomFloor>0</bookRoomFloor>
		<bookRoomPhoto>BookRoom/bookRoomPhoto/0/2/rooms-best-room-1-1_800.jpg</bookRoomPhoto>
		<bookRoomPriceht>108</bookRoomPriceht>
	</data>
</object>
<object>
	<name>BookRoom</name>
	<action>upsert</action>
	<data>
		<bookRoomCode>ROOM003</bookRoomCode>
		<bookRoomLabel>Room 4</bookRoomLabel>
		<bookRoomBookRoomTypeId.bookRoomtypCode>RTYP001</bookRoomBookRoomTypeId.bookRoomtypCode>
		<bookRoomBookRoomTypeId.bookRoomtypType>Chambre double</bookRoomBookRoomTypeId.bookRoomtypType>
		<bookRoomDesc><![CDATA[<p>Lit double Queen size<br />Salle de bains avec douche et toilettes Entrée privée<br />Petit patio privatif<br />Air conditionné et chauffage Minibar et snacks<br />Coffre fort</p>]]></bookRoomDesc>
		<bookRoomSuperficie>15</bookRoomSuperficie>
		<bookRoomFloor>1</bookRoomFloor>
		<bookRoomPhoto>BookRoom/bookRoomPhoto/0/3/rooms-intimate-room.jpg</bookRoomPhoto>
		<bookRoomPriceht>15</bookRoomPriceht>
	</data>
</object>
<object>
	<name>BookRoom</name>
	<action>upsert</action>
	<data>
		<bookRoomCode>ROOM004</bookRoomCode>
		<bookRoomLabel>Room 3</bookRoomLabel>
		<bookRoomBookRoomTypeId.bookRoomtypCode>RTYP002</bookRoomBookRoomTypeId.bookRoomtypCode>
		<bookRoomBookRoomTypeId.bookRoomtypType>Chambre simple</bookRoomBookRoomTypeId.bookRoomtypType>
		<bookRoomDesc/>
		<bookRoomSuperficie>12</bookRoomSuperficie>
		<bookRoomFloor>0</bookRoomFloor>
		<bookRoomPhoto>BookRoom/bookRoomPhoto/0/4/rooms-best-room-2_502.jpg</bookRoomPhoto>
		<bookRoomPriceht>50</bookRoomPriceht>
	</data>
</object>
<object>
	<name>BookEquRoom</name>
	<action>upsert</action>
	<data>
		<bookEquroomEquId.bookEquCode>REQU008</bookEquroomEquId.bookEquCode>
		<bookEquroomEquId.bookEquLibell>Matériel de repassage</bookEquroomEquId.bookEquLibell>
		<bookEquroomRoomId.bookRoomCode>ROOM002</bookEquroomRoomId.bookRoomCode>
		<bookEquroomRoomId.bookRoomLabel>Room1</bookEquroomRoomId.bookRoomLabel>
	</data>
</object>
<object>
	<name>BookEquRoom</name>
	<action>upsert</action>
	<data>
		<bookEquroomEquId.bookEquCode>REQU001</bookEquroomEquId.bookEquCode>
		<bookEquroomEquId.bookEquLibell>Armoire ou penderie</bookEquroomEquId.bookEquLibell>
		<bookEquroomRoomId.bookRoomCode>ROOM002</bookEquroomRoomId.bookRoomCode>
		<bookEquroomRoomId.bookRoomLabel>Room1</bookEquroomRoomId.bookRoomLabel>
	</data>
</object>
<object>
	<name>BookEquRoom</name>
	<action>upsert</action>
	<data>
		<bookEquroomEquId.bookEquCode>REQU007</bookEquroomEquId.bookEquCode>
		<bookEquroomEquId.bookEquLibell>Portant</bookEquroomEquId.bookEquLibell>
		<bookEquroomRoomId.bookRoomCode>ROOM002</bookEquroomRoomId.bookRoomCode>
		<bookEquroomRoomId.bookRoomLabel>Room1</bookEquroomRoomId.bookRoomLabel>
	</data>
</object>
<object>
	<name>BookEquRoom</name>
	<action>upsert</action>
	<data>
		<bookEquroomEquId.bookEquCode>REQU001</bookEquroomEquId.bookEquCode>
		<bookEquroomEquId.bookEquLibell>Armoire ou penderie</bookEquroomEquId.bookEquLibell>
		<bookEquroomRoomId.bookRoomCode>ROOM003</bookEquroomRoomId.bookRoomCode>
		<bookEquroomRoomId.bookRoomLabel>Room 4</bookEquroomRoomId.bookRoomLabel>
	</data>
</object>
<object>
	<name>BookEquRoom</name>
	<action>upsert</action>
	<data>
		<bookEquroomEquId.bookEquCode>REQU006</bookEquroomEquId.bookEquCode>
		<bookEquroomEquId.bookEquLibell>Téléphone</bookEquroomEquId.bookEquLibell>
		<bookEquroomRoomId.bookRoomCode>ROOM002</bookEquroomRoomId.bookRoomCode>
		<bookEquroomRoomId.bookRoomLabel>Room1</bookEquroomRoomId.bookRoomLabel>
	</data>
</object>
<object>
	<name>BookEquRoom</name>
	<action>upsert</action>
	<data>
		<bookEquroomEquId.bookEquCode>REQU002</bookEquroomEquId.bookEquCode>
		<bookEquroomEquId.bookEquLibell>Gel hydroalcoolique</bookEquroomEquId.bookEquLibell>
		<bookEquroomRoomId.bookRoomCode>ROOM001</bookEquroomRoomId.bookRoomCode>
		<bookEquroomRoomId.bookRoomLabel>Room 2</bookEquroomRoomId.bookRoomLabel>
	</data>
</object>
<object>
	<name>BookEquRoom</name>
	<action>upsert</action>
	<data>
		<bookEquroomEquId.bookEquCode>REQU006</bookEquroomEquId.bookEquCode>
		<bookEquroomEquId.bookEquLibell>Téléphone</bookEquroomEquId.bookEquLibell>
		<bookEquroomRoomId.bookRoomCode>ROOM001</bookEquroomRoomId.bookRoomCode>
		<bookEquroomRoomId.bookRoomLabel>Room 2</bookEquroomRoomId.bookRoomLabel>
	</data>
</object>
<object>
	<name>BookEquRoom</name>
	<action>upsert</action>
	<data>
		<bookEquroomEquId.bookEquCode>REQU007</bookEquroomEquId.bookEquCode>
		<bookEquroomEquId.bookEquLibell>Portant</bookEquroomEquId.bookEquLibell>
		<bookEquroomRoomId.bookRoomCode>ROOM001</bookEquroomRoomId.bookRoomCode>
		<bookEquroomRoomId.bookRoomLabel>Room 2</bookEquroomRoomId.bookRoomLabel>
	</data>
</object>
<object>
	<name>BookEquRoom</name>
	<action>upsert</action>
	<data>
		<bookEquroomEquId.bookEquCode>REQU008</bookEquroomEquId.bookEquCode>
		<bookEquroomEquId.bookEquLibell>Matériel de repassage</bookEquroomEquId.bookEquLibell>
		<bookEquroomRoomId.bookRoomCode>ROOM001</bookEquroomRoomId.bookRoomCode>
		<bookEquroomRoomId.bookRoomLabel>Room 2</bookEquroomRoomId.bookRoomLabel>
	</data>
</object>
<object>
	<name>BookEquRoom</name>
	<action>upsert</action>
	<data>
		<bookEquroomEquId.bookEquCode>REQU003</bookEquroomEquId.bookEquCode>
		<bookEquroomEquId.bookEquLibell>Minibar</bookEquroomEquId.bookEquLibell>
		<bookEquroomRoomId.bookRoomCode>ROOM001</bookEquroomRoomId.bookRoomCode>
		<bookEquroomRoomId.bookRoomLabel>Room 2</bookEquroomRoomId.bookRoomLabel>
	</data>
</object>
<object>
	<name>BookEquRoom</name>
	<action>upsert</action>
	<data>
		<bookEquroomEquId.bookEquCode>REQU004</bookEquroomEquId.bookEquCode>
		<bookEquroomEquId.bookEquLibell>Coffre-fort</bookEquroomEquId.bookEquLibell>
		<bookEquroomRoomId.bookRoomCode>ROOM001</bookEquroomRoomId.bookRoomCode>
		<bookEquroomRoomId.bookRoomLabel>Room 2</bookEquroomRoomId.bookRoomLabel>
	</data>
</object>
<object>
	<name>BookEquRoom</name>
	<action>upsert</action>
	<data>
		<bookEquroomEquId.bookEquCode>REQU005</bookEquroomEquId.bookEquCode>
		<bookEquroomEquId.bookEquLibell>Bureau</bookEquroomEquId.bookEquLibell>
		<bookEquroomRoomId.bookRoomCode>ROOM001</bookEquroomRoomId.bookRoomCode>
		<bookEquroomRoomId.bookRoomLabel>Room 2</bookEquroomRoomId.bookRoomLabel>
	</data>
</object>
<object>
	<name>BookEquRoom</name>
	<action>upsert</action>
	<data>
		<bookEquroomEquId.bookEquCode>REQU006</bookEquroomEquId.bookEquCode>
		<bookEquroomEquId.bookEquLibell>Téléphone</bookEquroomEquId.bookEquLibell>
		<bookEquroomRoomId.bookRoomCode>ROOM004</bookEquroomRoomId.bookRoomCode>
		<bookEquroomRoomId.bookRoomLabel>Room 3</bookEquroomRoomId.bookRoomLabel>
	</data>
</object>
<object>
	<name>BookEquRoom</name>
	<action>upsert</action>
	<data>
		<bookEquroomEquId.bookEquCode>REQU001</bookEquroomEquId.bookEquCode>
		<bookEquroomEquId.bookEquLibell>Armoire ou penderie</bookEquroomEquId.bookEquLibell>
		<bookEquroomRoomId.bookRoomCode>ROOM001</bookEquroomRoomId.bookRoomCode>
		<bookEquroomRoomId.bookRoomLabel>Room 2</bookEquroomRoomId.bookRoomLabel>
	</data>
</object>
<object>
	<name>BookEquRoom</name>
	<action>upsert</action>
	<data>
		<bookEquroomEquId.bookEquCode>REQU001</bookEquroomEquId.bookEquCode>
		<bookEquroomEquId.bookEquLibell>Armoire ou penderie</bookEquroomEquId.bookEquLibell>
		<bookEquroomRoomId.bookRoomCode>ROOM004</bookEquroomRoomId.bookRoomCode>
		<bookEquroomRoomId.bookRoomLabel>Room 3</bookEquroomRoomId.bookRoomLabel>
	</data>
</object>
<object>
	<name>BookEquRoom</name>
	<action>upsert</action>
	<data>
		<bookEquroomEquId.bookEquCode>REQU007</bookEquroomEquId.bookEquCode>
		<bookEquroomEquId.bookEquLibell>Portant</bookEquroomEquId.bookEquLibell>
		<bookEquroomRoomId.bookRoomCode>ROOM004</bookEquroomRoomId.bookRoomCode>
		<bookEquroomRoomId.bookRoomLabel>Room 3</bookEquroomRoomId.bookRoomLabel>
	</data>
</object>
<object>
	<name>BookEquRoom</name>
	<action>upsert</action>
	<data>
		<bookEquroomEquId.bookEquCode>REQU008</bookEquroomEquId.bookEquCode>
		<bookEquroomEquId.bookEquLibell>Matériel de repassage</bookEquroomEquId.bookEquLibell>
		<bookEquroomRoomId.bookRoomCode>ROOM004</bookEquroomRoomId.bookRoomCode>
		<bookEquroomRoomId.bookRoomLabel>Room 3</bookEquroomRoomId.bookRoomLabel>
	</data>
</object>
<object>
	<name>BookRoomBookRoomService</name>
	<action>upsert</action>
	<data>
		<bookroomservBookRoomId.bookRoomCode>ROOM003</bookroomservBookRoomId.bookRoomCode>
		<bookroomservBookRoomId.bookRoomLabel>Room 4</bookroomservBookRoomId.bookRoomLabel>
		<bookroomservBookServiceId.bookRservCode>RSERV004</bookroomservBookServiceId.bookRservCode>
		<bookroomservBookServiceId.bookRservLibell>Réception ouvertes 24h/24</bookroomservBookServiceId.bookRservLibell>
	</data>
</object>
<object>
	<name>BookRoomBookRoomService</name>
	<action>upsert</action>
	<data>
		<bookroomservBookRoomId.bookRoomCode>ROOM002</bookroomservBookRoomId.bookRoomCode>
		<bookroomservBookRoomId.bookRoomLabel>Room1</bookroomservBookRoomId.bookRoomLabel>
		<bookroomservBookServiceId.bookRservCode>RSERV004</bookroomservBookServiceId.bookRservCode>
		<bookroomservBookServiceId.bookRservLibell>Réception ouvertes 24h/24</bookroomservBookServiceId.bookRservLibell>
	</data>
</object>
<object>
	<name>BookRoomBookRoomService</name>
	<action>upsert</action>
	<data>
		<bookroomservBookRoomId.bookRoomCode>ROOM002</bookroomservBookRoomId.bookRoomCode>
		<bookroomservBookRoomId.bookRoomLabel>Room1</bookroomservBookRoomId.bookRoomLabel>
		<bookroomservBookServiceId.bookRservCode>RSERV001</bookroomservBookServiceId.bookRservCode>
		<bookroomservBookServiceId.bookRservLibell>Parking</bookroomservBookServiceId.bookRservLibell>
	</data>
</object>
<object>
	<name>BookRoomBookRoomService</name>
	<action>upsert</action>
	<data>
		<bookroomservBookRoomId.bookRoomCode>ROOM002</bookroomservBookRoomId.bookRoomCode>
		<bookroomservBookRoomId.bookRoomLabel>Room1</bookroomservBookRoomId.bookRoomLabel>
		<bookroomservBookServiceId.bookRservCode>RSERV003</bookroomservBookServiceId.bookRservCode>
		<bookroomservBookServiceId.bookRservLibell>Services d'étage</bookroomservBookServiceId.bookRservLibell>
	</data>
</object>
<object>
	<name>BookRoomBookRoomService</name>
	<action>upsert</action>
	<data>
		<bookroomservBookRoomId.bookRoomCode>ROOM003</bookroomservBookRoomId.bookRoomCode>
		<bookroomservBookRoomId.bookRoomLabel>Room 4</bookroomservBookRoomId.bookRoomLabel>
		<bookroomservBookServiceId.bookRservCode>RSERV003</bookroomservBookServiceId.bookRservCode>
		<bookroomservBookServiceId.bookRservLibell>Services d'étage</bookroomservBookServiceId.bookRservLibell>
	</data>
</object>
<object>
	<name>BookRoomBookRoomService</name>
	<action>upsert</action>
	<data>
		<bookroomservBookRoomId.bookRoomCode>ROOM002</bookroomservBookRoomId.bookRoomCode>
		<bookroomservBookRoomId.bookRoomLabel>Room1</bookroomservBookRoomId.bookRoomLabel>
		<bookroomservBookServiceId.bookRservCode>RSERV005</bookroomservBookServiceId.bookRservCode>
		<bookroomservBookServiceId.bookRservLibell>Bar</bookroomservBookServiceId.bookRservLibell>
	</data>
</object>
<object>
	<name>BookRoomBookRoomService</name>
	<action>upsert</action>
	<data>
		<bookroomservBookRoomId.bookRoomCode>ROOM004</bookroomservBookRoomId.bookRoomCode>
		<bookroomservBookRoomId.bookRoomLabel>Room 3</bookroomservBookRoomId.bookRoomLabel>
		<bookroomservBookServiceId.bookRservCode>RSERV001</bookroomservBookServiceId.bookRservCode>
		<bookroomservBookServiceId.bookRservLibell>Parking</bookroomservBookServiceId.bookRservLibell>
	</data>
</object>
<object>
	<name>BookRoomBookRoomService</name>
	<action>upsert</action>
	<data>
		<bookroomservBookRoomId.bookRoomCode>ROOM001</bookroomservBookRoomId.bookRoomCode>
		<bookroomservBookRoomId.bookRoomLabel>Room 2</bookroomservBookRoomId.bookRoomLabel>
		<bookroomservBookServiceId.bookRservCode>RSERV001</bookroomservBookServiceId.bookRservCode>
		<bookroomservBookServiceId.bookRservLibell>Parking</bookroomservBookServiceId.bookRservLibell>
	</data>
</object>
<object>
	<name>BookRoomBookRoomService</name>
	<action>upsert</action>
	<data>
		<bookroomservBookRoomId.bookRoomCode>ROOM001</bookroomservBookRoomId.bookRoomCode>
		<bookroomservBookRoomId.bookRoomLabel>Room 2</bookroomservBookRoomId.bookRoomLabel>
		<bookroomservBookServiceId.bookRservCode>RSERV004</bookroomservBookServiceId.bookRservCode>
		<bookroomservBookServiceId.bookRservLibell>Réception ouvertes 24h/24</bookroomservBookServiceId.bookRservLibell>
	</data>
</object>
<object>
	<name>BookRoomBookRoomService</name>
	<action>upsert</action>
	<data>
		<bookroomservBookRoomId.bookRoomCode>ROOM001</bookroomservBookRoomId.bookRoomCode>
		<bookroomservBookRoomId.bookRoomLabel>Room 2</bookroomservBookRoomId.bookRoomLabel>
		<bookroomservBookServiceId.bookRservCode>RSERV003</bookroomservBookServiceId.bookRservCode>
		<bookroomservBookServiceId.bookRservLibell>Services d'étage</bookroomservBookServiceId.bookRservLibell>
	</data>
</object>
<object>
	<name>BookRoomBookRoomService</name>
	<action>upsert</action>
	<data>
		<bookroomservBookRoomId.bookRoomCode>ROOM004</bookroomservBookRoomId.bookRoomCode>
		<bookroomservBookRoomId.bookRoomLabel>Room 3</bookroomservBookRoomId.bookRoomLabel>
		<bookroomservBookServiceId.bookRservCode>RSERV002</bookroomservBookServiceId.bookRservCode>
		<bookroomservBookServiceId.bookRservLibell>Chambres non-fumeurs</bookroomservBookServiceId.bookRservLibell>
	</data>
</object>
<object>
	<name>BookUsers</name>
	<action>upsert</action>
	<data>
		<bookUserTitle>MS</bookUserTitle>
		<BookUserLastname>Earhart</BookUserLastname>
		<bookUserFirstname>Amelia</bookUserFirstname>
		<bookUserWorknum/>
		<bookUserHomenum/>
		<bookUserCellnum>0945445689</bookUserCellnum>
		<bookUserAddress1>63 rd street</bookUserAddress1>
		<bookUserAddress2/>
		<bookUserZipcode/>
		<bookUserCity>Kansas city</bookUserCity>
		<bookUserState/>
		<bookUserCountry>US</bookUserCountry>
		<bookUserEmail>a@Earhart.com</bookUserEmail>
		<bookUserType>CUS</bookUserType>
		<bookUserGeoCoord>39.208844;-94.62572</bookUserGeoCoord>
	</data>
</object>
<object>
	<name>BookUsers</name>
	<action>upsert</action>
	<data>
		<bookUserTitle>MR</bookUserTitle>
		<BookUserLastname>Colomb</BookUserLastname>
		<bookUserFirstname>Christophe</bookUserFirstname>
		<bookUserWorknum/>
		<bookUserHomenum/>
		<bookUserCellnum>0678987654</bookUserCellnum>
		<bookUserAddress1>Corso italia</bookUserAddress1>
		<bookUserAddress2/>
		<bookUserZipcode/>
		<bookUserCity>Gênes</bookUserCity>
		<bookUserState/>
		<bookUserCountry>IT</bookUserCountry>
		<bookUserEmail>c@colomb.com</bookUserEmail>
		<bookUserType>CUS</bookUserType>
		<bookUserGeoCoord>44.3926208;8.9608058</bookUserGeoCoord>
	</data>
</object>
<object>
	<name>BookUsers</name>
	<action>upsert</action>
	<data>
		<bookUserTitle>MR</bookUserTitle>
		<BookUserLastname>De Magellan</BookUserLastname>
		<bookUserFirstname>Fernand</bookUserFirstname>
		<bookUserWorknum/>
		<bookUserHomenum/>
		<bookUserCellnum>0789654333</bookUserCellnum>
		<bookUserAddress1>Av. Ribeira das Naus</bookUserAddress1>
		<bookUserAddress2/>
		<bookUserZipcode/>
		<bookUserCity>Lisbonne</bookUserCity>
		<bookUserState/>
		<bookUserCountry>PT</bookUserCountry>
		<bookUserEmail>fdm@magellan.com</bookUserEmail>
		<bookUserType>CUS</bookUserType>
		<bookUserGeoCoord>38.7058732;-9.1403231</bookUserGeoCoord>
	</data>
</object>
<object>
	<name>BookUsers</name>
	<action>upsert</action>
	<data>
		<bookUserTitle>MRS</bookUserTitle>
		<BookUserLastname>Pfeiffer</BookUserLastname>
		<bookUserFirstname>Ida</bookUserFirstname>
		<bookUserWorknum/>
		<bookUserHomenum/>
		<bookUserCellnum>09876446677</bookUserCellnum>
		<bookUserAddress1>Prinz Eugene strass</bookUserAddress1>
		<bookUserAddress2/>
		<bookUserZipcode/>
		<bookUserCity>Vienne</bookUserCity>
		<bookUserState/>
		<bookUserCountry>AT</bookUserCountry>
		<bookUserEmail>i@pfeiffer.com</bookUserEmail>
		<bookUserType>CUS</bookUserType>
		<bookUserGeoCoord>48.192754;16.3786254</bookUserGeoCoord>
	</data>
</object>
<object>
	<name>BookUsers</name>
	<action>upsert</action>
	<data>
		<bookUserTitle>MRS</bookUserTitle>
		<BookUserLastname>Barret</BookUserLastname>
		<bookUserFirstname>Jeanne</bookUserFirstname>
		<bookUserWorknum/>
		<bookUserHomenum/>
		<bookUserCellnum>0698765433</bookUserCellnum>
		<bookUserAddress1>rue de l'église</bookUserAddress1>
		<bookUserAddress2/>
		<bookUserZipcode/>
		<bookUserCity>Saint Antoine de Breuilh</bookUserCity>
		<bookUserState/>
		<bookUserCountry>FR</bookUserCountry>
		<bookUserEmail>j@barret.com</bookUserEmail>
		<bookUserType>CUS</bookUserType>
		<bookUserGeoCoord>44.8296791;0.1256739</bookUserGeoCoord>
	</data>
</object>
<object>
	<name>BookUsers</name>
	<action>upsert</action>
	<data>
		<bookUserTitle>MR</bookUserTitle>
		<BookUserLastname>Polo</BookUserLastname>
		<bookUserFirstname>Marco</bookUserFirstname>
		<bookUserWorknum/>
		<bookUserHomenum/>
		<bookUserCellnum>0789654322</bookUserCellnum>
		<bookUserAddress1>Casa di Bepi Suà</bookUserAddress1>
		<bookUserAddress2/>
		<bookUserZipcode/>
		<bookUserCity>Venise</bookUserCity>
		<bookUserState/>
		<bookUserCountry>IT</bookUserCountry>
		<bookUserEmail>mp@polo.com</bookUserEmail>
		<bookUserType>CUS</bookUserType>
		<bookUserGeoCoord>45.4857731;12.4181989</bookUserGeoCoord>
	</data>
</object>
<object>
	<name>BookUsers</name>
	<action>upsert</action>
	<data>
		<bookUserTitle>MR</bookUserTitle>
		<BookUserLastname>ZEBILDER</BookUserLastname>
		<bookUserFirstname>Robert</bookUserFirstname>
		<bookUserWorknum/>
		<bookUserHomenum/>
		<bookUserCellnum>0689556376</bookUserCellnum>
		<bookUserAddress1>38, rue de Trévise</bookUserAddress1>
		<bookUserAddress2/>
		<bookUserZipcode>75009</bookUserZipcode>
		<bookUserCity>PARIS</bookUserCity>
		<bookUserState/>
		<bookUserCountry>FR</bookUserCountry>
		<bookUserEmail>nseitz@simplicite.fr</bookUserEmail>
		<bookUserType>CUS</bookUserType>
		<bookUserGeoCoord/>
	</data>
</object>
<object>
	<name>BookUsers</name>
	<action>upsert</action>
	<data>
		<bookUserTitle>MR</bookUserTitle>
		<BookUserLastname>TEST</BookUserLastname>
		<bookUserFirstname>ADVICENNE</bookUserFirstname>
		<bookUserWorknum/>
		<bookUserHomenum/>
		<bookUserCellnum>0989898788</bookUserCellnum>
		<bookUserAddress1>2 rue Briçonnet</bookUserAddress1>
		<bookUserAddress2/>
		<bookUserZipcode>30000</bookUserZipcode>
		<bookUserCity>NIMES</bookUserCity>
		<bookUserState/>
		<bookUserCountry>FR</bookUserCountry>
		<bookUserEmail>rr@gmail.com</bookUserEmail>
		<bookUserType>CUS</bookUserType>
		<bookUserGeoCoord/>
	</data>
</object>
<object>
	<name>BookUsers</name>
	<action>upsert</action>
	<data>
		<bookUserTitle>MR</bookUserTitle>
		<BookUserLastname>De Champlain</BookUserLastname>
		<bookUserFirstname>Samuel</bookUserFirstname>
		<bookUserWorknum/>
		<bookUserHomenum/>
		<bookUserCellnum>065866444444</bookUserCellnum>
		<bookUserAddress1>Boulevard des Trinitaires</bookUserAddress1>
		<bookUserAddress2/>
		<bookUserZipcode/>
		<bookUserCity>Montréal</bookUserCity>
		<bookUserState/>
		<bookUserCountry>CA</bookUserCountry>
		<bookUserEmail>sdc@champlain.com</bookUserEmail>
		<bookUserType>CUS</bookUserType>
		<bookUserGeoCoord>45.4462396;-73.5992813</bookUserGeoCoord>
	</data>
</object>
<object>
	<name>BookUsers</name>
	<action>upsert</action>
	<data>
		<bookUserTitle>MR</bookUserTitle>
		<BookUserLastname>De Gama</BookUserLastname>
		<bookUserFirstname>Vasco</bookUserFirstname>
		<bookUserWorknum/>
		<bookUserHomenum/>
		<bookUserCellnum>0687554434</bookUserCellnum>
		<bookUserAddress1>Rua de Slagueiros</bookUserAddress1>
		<bookUserAddress2/>
		<bookUserZipcode/>
		<bookUserCity>Porto</bookUserCity>
		<bookUserState/>
		<bookUserCountry>PT</bookUserCountry>
		<bookUserEmail>vdg@gama.com</bookUserEmail>
		<bookUserType>CUS</bookUserType>
		<bookUserGeoCoord>41.1603287;-8.6165388</bookUserGeoCoord>
	</data>
</object>
</simplicite>
