<?xml version="1.0" encoding="UTF-8"?>
<simplicite xmlns:xsi="http://www.w3.org/2001/XMLSchema-instance" xmlns="http://www.simplicite.fr/base" xsi:schemaLocation="http://www.simplicite.fr/base https://www.simplicite.io/resources/schemas/base.xsd">
<object>
	<name>BookRoomEquipment</name>
	<action>upsert</action>
	<data>
		<bookEquLibell>Armoire ou penderie</bookEquLibell>
		<bookEquCode>REQU001</bookEquCode>
	</data>
	<data>
		<bookEquLibell>Gel hydroalcoolique</bookEquLibell>
		<bookEquCode>REQU002</bookEquCode>
	</data>
	<data>
		<bookEquLibell>Minibar</bookEquLibell>
		<bookEquCode>REQU003</bookEquCode>
	</data>
	<data>
		<bookEquLibell>Coffre-fort</bookEquLibell>
		<bookEquCode>REQU004</bookEquCode>
	</data>
	<data>
		<bookEquLibell>Bureau</bookEquLibell>
		<bookEquCode>REQU005</bookEquCode>
	</data>
	<data>
		<bookEquLibell>Téléphone</bookEquLibell>
		<bookEquCode>REQU006</bookEquCode>
	</data>
	<data>
		<bookEquLibell>Portant</bookEquLibell>
		<bookEquCode>REQU007</bookEquCode>
	</data>
	<data>
		<bookEquLibell>Matériel de repassage</bookEquLibell>
		<bookEquCode>REQU008</bookEquCode>
	</data>
	<data>
		<bookEquLibell>Moquette</bookEquLibell>
		<bookEquCode>REQU009</bookEquCode>
	</data>
</object>
<object>
	<name>BookPaymentMethod</name>
	<action>upsert</action>
	<data>
		<bookPaymCode>PAYM001</bookPaymCode>
		<bookPaymLibell>MasterCard</bookPaymLibell>
	</data>
	<data>
		<bookPaymCode>PAYM002</bookPaymCode>
		<bookPaymLibell>Paypal</bookPaymLibell>
	</data>
	<data>
		<bookPaymCode>PAYM003</bookPaymCode>
		<bookPaymLibell>Paiement direct à l'hotel</bookPaymLibell>
	</data>
	<data>
		<bookPaymCode>PAYM004</bookPaymCode>
		<bookPaymLibell>Carte bleue</bookPaymLibell>
	</data>
	<data>
		<bookPaymCode>PAYM005</bookPaymCode>
		<bookPaymLibell>Carte VISA</bookPaymLibell>
	</data>
	<data>
		<bookPaymCode>PAYM006</bookPaymCode>
		<bookPaymLibell>Virement bancaire</bookPaymLibell>
	</data>
</object>
<object>
	<name>BookRoomService</name>
	<action>upsert</action>
	<data>
		<bookRservCode>RSERV001</bookRservCode>
		<bookRservLibell>Parking</bookRservLibell>
	</data>
	<data>
		<bookRservCode>RSERV002</bookRservCode>
		<bookRservLibell>Chambres non-fumeurs</bookRservLibell>
	</data>
	<data>
		<bookRservCode>RSERV003</bookRservCode>
		<bookRservLibell>Services d'étage</bookRservLibell>
	</data>
	<data>
		<bookRservCode>RSERV004</bookRservCode>
		<bookRservLibell>Réception ouvertes 24h/24</bookRservLibell>
	</data>
	<data>
		<bookRservCode>RSERV005</bookRservCode>
		<bookRservLibell>Bar</bookRservLibell>
	</data>
	<data>
		<bookRservCode>RSERV006</bookRservCode>
		<bookRservLibell>Télévision à écran plat</bookRservLibell>
	</data>
</object>
<object>
	<name>BookRoomType</name>
	<action>upsert</action>
	<data>
		<bookRoomtypCode>RTYP001</bookRoomtypCode>
		<bookRoomtypType>Chambre double</bookRoomtypType>
	</data>
	<data>
		<bookRoomtypCode>RTYP002</bookRoomtypCode>
		<bookRoomtypType>Chambre simple</bookRoomtypType>
	</data>
	<data>
		<bookRoomtypCode>RTYP003</bookRoomtypCode>
		<bookRoomtypType>Chambre triple</bookRoomtypType>
	</data>
</object>
<object>
	<name>BookRoom</name>
	<action>upsert</action>
	<data>
		<bookRoomCode>ROOM001</bookRoomCode>
		<bookRoomLabel>Room 2</bookRoomLabel>
		<bookRoomBookRoomTypeId.bookRoomtypCode>RTYP001</bookRoomBookRoomTypeId.bookRoomtypCode>
		<bookRoomBookRoomTypeId.bookRoomtypType>Chambre double</bookRoomBookRoomTypeId.bookRoomtypType>
		<bookRoomDesc><![CDATA[<p>Lit double King size<br />Salle de bains avec douche et toilettes Entrée privée<br />Air conditionné et chauffage<br />Ventilateur<br /><br /></p>]]></bookRoomDesc>
		<bookRoomSuperficie>17</bookRoomSuperficie>
		<bookRoomFloor>0</bookRoomFloor>
		<bookRoomPhoto>BookRoom/bookRoomPhoto/0/9/room-best-2-3_800.jpg</bookRoomPhoto>
		<bookRoomPriceht>150</bookRoomPriceht>
	</data>
	<data>
		<bookRoomCode>ROOM002</bookRoomCode>
		<bookRoomLabel>Room1</bookRoomLabel>
		<bookRoomBookRoomTypeId.bookRoomtypCode>RTYP001</bookRoomBookRoomTypeId.bookRoomtypCode>
		<bookRoomBookRoomTypeId.bookRoomtypType>Chambre double</bookRoomBookRoomTypeId.bookRoomtypType>
		<bookRoomDesc><![CDATA[<p>Cette chambre situ&eacute;e c&ocirc;t&eacute; rue comporte une t&eacute;l&eacute;vision par satellite, une connexion Wi-Fi gratuite et une salle de bains privative.</p>
<p>This street-side room fe]]></bookRoomDesc>
		<bookRoomSuperficie>15</bookRoomSuperficie>
		<bookRoomFloor>0</bookRoomFloor>
		<bookRoomPhoto>BookRoom/bookRoomPhoto/0/10/rooms-best-room-1-1_800.jpg</bookRoomPhoto>
		<bookRoomPriceht>108</bookRoomPriceht>
	</data>
	<data>
		<bookRoomCode>ROOM003</bookRoomCode>
		<bookRoomLabel>Room 4</bookRoomLabel>
		<bookRoomBookRoomTypeId.bookRoomtypCode>RTYP001</bookRoomBookRoomTypeId.bookRoomtypCode>
		<bookRoomBookRoomTypeId.bookRoomtypType>Chambre double</bookRoomBookRoomTypeId.bookRoomtypType>
		<bookRoomDesc><![CDATA[<p>Lit double Queen size<br />Salle de bains avec douche et toilettes Entrée privée<br />Petit patio privatif<br />Air conditionné et chauffage Minibar et snacks<br />Coffre fort</p>]]></bookRoomDesc>
		<bookRoomSuperficie>15</bookRoomSuperficie>
		<bookRoomFloor>1</bookRoomFloor>
		<bookRoomPhoto>BookRoom/bookRoomPhoto/0/11/rooms-intimate-room.jpg</bookRoomPhoto>
		<bookRoomPriceht>15</bookRoomPriceht>
	</data>
	<data>
		<bookRoomCode>ROOM004</bookRoomCode>
		<bookRoomLabel>Room 3</bookRoomLabel>
		<bookRoomBookRoomTypeId.bookRoomtypCode>RTYP002</bookRoomBookRoomTypeId.bookRoomtypCode>
		<bookRoomBookRoomTypeId.bookRoomtypType>Chambre simple</bookRoomBookRoomTypeId.bookRoomtypType>
		<bookRoomDesc/>
		<bookRoomSuperficie>12</bookRoomSuperficie>
		<bookRoomFloor>0</bookRoomFloor>
		<bookRoomPhoto>BookRoom/bookRoomPhoto/0/12/rooms-best-room-2_502.jpg</bookRoomPhoto>
		<bookRoomPriceht>50</bookRoomPriceht>
	</data>
</object>
<object>
	<name>BookEquRoom</name>
	<action>upsert</action>
	<data>
		<bookEquroomEquId.bookEquCode>REQU001</bookEquroomEquId.bookEquCode>
		<bookEquroomEquId.bookEquLibell>Armoire ou penderie</bookEquroomEquId.bookEquLibell>
		<bookEquroomRoomId.bookRoomCode>ROOM002</bookEquroomRoomId.bookRoomCode>
		<bookEquroomRoomId.bookRoomLabel>Room1</bookEquroomRoomId.bookRoomLabel>
	</data>
	<data>
		<bookEquroomEquId.bookEquCode>REQU007</bookEquroomEquId.bookEquCode>
		<bookEquroomEquId.bookEquLibell>Portant</bookEquroomEquId.bookEquLibell>
		<bookEquroomRoomId.bookRoomCode>ROOM002</bookEquroomRoomId.bookRoomCode>
		<bookEquroomRoomId.bookRoomLabel>Room1</bookEquroomRoomId.bookRoomLabel>
	</data>
	<data>
		<bookEquroomEquId.bookEquCode>REQU008</bookEquroomEquId.bookEquCode>
		<bookEquroomEquId.bookEquLibell>Matériel de repassage</bookEquroomEquId.bookEquLibell>
		<bookEquroomRoomId.bookRoomCode>ROOM002</bookEquroomRoomId.bookRoomCode>
		<bookEquroomRoomId.bookRoomLabel>Room1</bookEquroomRoomId.bookRoomLabel>
	</data>
	<data>
		<bookEquroomEquId.bookEquCode>REQU006</bookEquroomEquId.bookEquCode>
		<bookEquroomEquId.bookEquLibell>Téléphone</bookEquroomEquId.bookEquLibell>
		<bookEquroomRoomId.bookRoomCode>ROOM002</bookEquroomRoomId.bookRoomCode>
		<bookEquroomRoomId.bookRoomLabel>Room1</bookEquroomRoomId.bookRoomLabel>
	</data>
	<data>
		<bookEquroomEquId.bookEquCode>REQU001</bookEquroomEquId.bookEquCode>
		<bookEquroomEquId.bookEquLibell>Armoire ou penderie</bookEquroomEquId.bookEquLibell>
		<bookEquroomRoomId.bookRoomCode>ROOM003</bookEquroomRoomId.bookRoomCode>
		<bookEquroomRoomId.bookRoomLabel>Room 4</bookEquroomRoomId.bookRoomLabel>
	</data>
	<data>
		<bookEquroomEquId.bookEquCode>REQU002</bookEquroomEquId.bookEquCode>
		<bookEquroomEquId.bookEquLibell>Gel hydroalcoolique</bookEquroomEquId.bookEquLibell>
		<bookEquroomRoomId.bookRoomCode>ROOM001</bookEquroomRoomId.bookRoomCode>
		<bookEquroomRoomId.bookRoomLabel>Room 2</bookEquroomRoomId.bookRoomLabel>
	</data>
	<data>
		<bookEquroomEquId.bookEquCode>REQU008</bookEquroomEquId.bookEquCode>
		<bookEquroomEquId.bookEquLibell>Matériel de repassage</bookEquroomEquId.bookEquLibell>
		<bookEquroomRoomId.bookRoomCode>ROOM001</bookEquroomRoomId.bookRoomCode>
		<bookEquroomRoomId.bookRoomLabel>Room 2</bookEquroomRoomId.bookRoomLabel>
	</data>
	<data>
		<bookEquroomEquId.bookEquCode>REQU004</bookEquroomEquId.bookEquCode>
		<bookEquroomEquId.bookEquLibell>Coffre-fort</bookEquroomEquId.bookEquLibell>
		<bookEquroomRoomId.bookRoomCode>ROOM001</bookEquroomRoomId.bookRoomCode>
		<bookEquroomRoomId.bookRoomLabel>Room 2</bookEquroomRoomId.bookRoomLabel>
	</data>
	<data>
		<bookEquroomEquId.bookEquCode>REQU003</bookEquroomEquId.bookEquCode>
		<bookEquroomEquId.bookEquLibell>Minibar</bookEquroomEquId.bookEquLibell>
		<bookEquroomRoomId.bookRoomCode>ROOM001</bookEquroomRoomId.bookRoomCode>
		<bookEquroomRoomId.bookRoomLabel>Room 2</bookEquroomRoomId.bookRoomLabel>
	</data>
	<data>
		<bookEquroomEquId.bookEquCode>REQU001</bookEquroomEquId.bookEquCode>
		<bookEquroomEquId.bookEquLibell>Armoire ou penderie</bookEquroomEquId.bookEquLibell>
		<bookEquroomRoomId.bookRoomCode>ROOM001</bookEquroomRoomId.bookRoomCode>
		<bookEquroomRoomId.bookRoomLabel>Room 2</bookEquroomRoomId.bookRoomLabel>
	</data>
	<data>
		<bookEquroomEquId.bookEquCode>REQU007</bookEquroomEquId.bookEquCode>
		<bookEquroomEquId.bookEquLibell>Portant</bookEquroomEquId.bookEquLibell>
		<bookEquroomRoomId.bookRoomCode>ROOM001</bookEquroomRoomId.bookRoomCode>
		<bookEquroomRoomId.bookRoomLabel>Room 2</bookEquroomRoomId.bookRoomLabel>
	</data>
	<data>
		<bookEquroomEquId.bookEquCode>REQU005</bookEquroomEquId.bookEquCode>
		<bookEquroomEquId.bookEquLibell>Bureau</bookEquroomEquId.bookEquLibell>
		<bookEquroomRoomId.bookRoomCode>ROOM001</bookEquroomRoomId.bookRoomCode>
		<bookEquroomRoomId.bookRoomLabel>Room 2</bookEquroomRoomId.bookRoomLabel>
	</data>
	<data>
		<bookEquroomEquId.bookEquCode>REQU006</bookEquroomEquId.bookEquCode>
		<bookEquroomEquId.bookEquLibell>Téléphone</bookEquroomEquId.bookEquLibell>
		<bookEquroomRoomId.bookRoomCode>ROOM001</bookEquroomRoomId.bookRoomCode>
		<bookEquroomRoomId.bookRoomLabel>Room 2</bookEquroomRoomId.bookRoomLabel>
	</data>
	<data>
		<bookEquroomEquId.bookEquCode>REQU006</bookEquroomEquId.bookEquCode>
		<bookEquroomEquId.bookEquLibell>Téléphone</bookEquroomEquId.bookEquLibell>
		<bookEquroomRoomId.bookRoomCode>ROOM004</bookEquroomRoomId.bookRoomCode>
		<bookEquroomRoomId.bookRoomLabel>Room 3</bookEquroomRoomId.bookRoomLabel>
	</data>
	<data>
		<bookEquroomEquId.bookEquCode>REQU001</bookEquroomEquId.bookEquCode>
		<bookEquroomEquId.bookEquLibell>Armoire ou penderie</bookEquroomEquId.bookEquLibell>
		<bookEquroomRoomId.bookRoomCode>ROOM004</bookEquroomRoomId.bookRoomCode>
		<bookEquroomRoomId.bookRoomLabel>Room 3</bookEquroomRoomId.bookRoomLabel>
	</data>
	<data>
		<bookEquroomEquId.bookEquCode>REQU007</bookEquroomEquId.bookEquCode>
		<bookEquroomEquId.bookEquLibell>Portant</bookEquroomEquId.bookEquLibell>
		<bookEquroomRoomId.bookRoomCode>ROOM004</bookEquroomRoomId.bookRoomCode>
		<bookEquroomRoomId.bookRoomLabel>Room 3</bookEquroomRoomId.bookRoomLabel>
	</data>
	<data>
		<bookEquroomEquId.bookEquCode>REQU008</bookEquroomEquId.bookEquCode>
		<bookEquroomEquId.bookEquLibell>Matériel de repassage</bookEquroomEquId.bookEquLibell>
		<bookEquroomRoomId.bookRoomCode>ROOM004</bookEquroomRoomId.bookRoomCode>
		<bookEquroomRoomId.bookRoomLabel>Room 3</bookEquroomRoomId.bookRoomLabel>
	</data>
</object>
<object>
	<name>BookRoomBookRoomService</name>
	<action>upsert</action>
	<data>
		<bookroomservBookRoomId.bookRoomCode>ROOM002</bookroomservBookRoomId.bookRoomCode>
		<bookroomservBookRoomId.bookRoomLabel>Room1</bookroomservBookRoomId.bookRoomLabel>
		<bookroomservBookServiceId.bookRservCode>RSERV004</bookroomservBookServiceId.bookRservCode>
		<bookroomservBookServiceId.bookRservLibell>Réception ouvertes 24h/24</bookroomservBookServiceId.bookRservLibell>
	</data>
	<data>
		<bookroomservBookRoomId.bookRoomCode>ROOM003</bookroomservBookRoomId.bookRoomCode>
		<bookroomservBookRoomId.bookRoomLabel>Room 4</bookroomservBookRoomId.bookRoomLabel>
		<bookroomservBookServiceId.bookRservCode>RSERV004</bookroomservBookServiceId.bookRservCode>
		<bookroomservBookServiceId.bookRservLibell>Réception ouvertes 24h/24</bookroomservBookServiceId.bookRservLibell>
	</data>
	<data>
		<bookroomservBookRoomId.bookRoomCode>ROOM002</bookroomservBookRoomId.bookRoomCode>
		<bookroomservBookRoomId.bookRoomLabel>Room1</bookroomservBookRoomId.bookRoomLabel>
		<bookroomservBookServiceId.bookRservCode>RSERV001</bookroomservBookServiceId.bookRservCode>
		<bookroomservBookServiceId.bookRservLibell>Parking</bookroomservBookServiceId.bookRservLibell>
	</data>
	<data>
		<bookroomservBookRoomId.bookRoomCode>ROOM002</bookroomservBookRoomId.bookRoomCode>
		<bookroomservBookRoomId.bookRoomLabel>Room1</bookroomservBookRoomId.bookRoomLabel>
		<bookroomservBookServiceId.bookRservCode>RSERV003</bookroomservBookServiceId.bookRservCode>
		<bookroomservBookServiceId.bookRservLibell>Services d'étage</bookroomservBookServiceId.bookRservLibell>
	</data>
	<data>
		<bookroomservBookRoomId.bookRoomCode>ROOM003</bookroomservBookRoomId.bookRoomCode>
		<bookroomservBookRoomId.bookRoomLabel>Room 4</bookroomservBookRoomId.bookRoomLabel>
		<bookroomservBookServiceId.bookRservCode>RSERV003</bookroomservBookServiceId.bookRservCode>
		<bookroomservBookServiceId.bookRservLibell>Services d'étage</bookroomservBookServiceId.bookRservLibell>
	</data>
	<data>
		<bookroomservBookRoomId.bookRoomCode>ROOM002</bookroomservBookRoomId.bookRoomCode>
		<bookroomservBookRoomId.bookRoomLabel>Room1</bookroomservBookRoomId.bookRoomLabel>
		<bookroomservBookServiceId.bookRservCode>RSERV005</bookroomservBookServiceId.bookRservCode>
		<bookroomservBookServiceId.bookRservLibell>Bar</bookroomservBookServiceId.bookRservLibell>
	</data>
	<data>
		<bookroomservBookRoomId.bookRoomCode>ROOM001</bookroomservBookRoomId.bookRoomCode>
		<bookroomservBookRoomId.bookRoomLabel>Room 2</bookroomservBookRoomId.bookRoomLabel>
		<bookroomservBookServiceId.bookRservCode>RSERV001</bookroomservBookServiceId.bookRservCode>
		<bookroomservBookServiceId.bookRservLibell>Parking</bookroomservBookServiceId.bookRservLibell>
	</data>
	<data>
		<bookroomservBookRoomId.bookRoomCode>ROOM001</bookroomservBookRoomId.bookRoomCode>
		<bookroomservBookRoomId.bookRoomLabel>Room 2</bookroomservBookRoomId.bookRoomLabel>
		<bookroomservBookServiceId.bookRservCode>RSERV004</bookroomservBookServiceId.bookRservCode>
		<bookroomservBookServiceId.bookRservLibell>Réception ouvertes 24h/24</bookroomservBookServiceId.bookRservLibell>
	</data>
	<data>
		<bookroomservBookRoomId.bookRoomCode>ROOM001</bookroomservBookRoomId.bookRoomCode>
		<bookroomservBookRoomId.bookRoomLabel>Room 2</bookroomservBookRoomId.bookRoomLabel>
		<bookroomservBookServiceId.bookRservCode>RSERV003</bookroomservBookServiceId.bookRservCode>
		<bookroomservBookServiceId.bookRservLibell>Services d'étage</bookroomservBookServiceId.bookRservLibell>
	</data>
	<data>
		<bookroomservBookRoomId.bookRoomCode>ROOM004</bookroomservBookRoomId.bookRoomCode>
		<bookroomservBookRoomId.bookRoomLabel>Room 3</bookroomservBookRoomId.bookRoomLabel>
		<bookroomservBookServiceId.bookRservCode>RSERV002</bookroomservBookServiceId.bookRservCode>
		<bookroomservBookServiceId.bookRservLibell>Chambres non-fumeurs</bookroomservBookServiceId.bookRservLibell>
	</data>
	<data>
		<bookroomservBookRoomId.bookRoomCode>ROOM004</bookroomservBookRoomId.bookRoomCode>
		<bookroomservBookRoomId.bookRoomLabel>Room 3</bookroomservBookRoomId.bookRoomLabel>
		<bookroomservBookServiceId.bookRservCode>RSERV001</bookroomservBookServiceId.bookRservCode>
		<bookroomservBookServiceId.bookRservLibell>Parking</bookroomservBookServiceId.bookRservLibell>
	</data>
</object>
<object>
	<name>BookUsers</name>
	<action>upsert</action>
	<data>
		<usr_title>MRS</usr_title>
		<usr_last_name>Earhart</usr_last_name>
		<usr_first_name>Amelia</usr_first_name>
		<usr_work_num/>
		<usr_home_num/>
		<usr_cell_num>0945445689</usr_cell_num>
		<usr_address1>63 rd street</usr_address1>
		<usr_address2/>
		<usr_zipcode/>
		<usr_city>Kansas city</usr_city>
		<usr_state/>
		<usr_country>US</usr_country>
		<bookUserEmail>a@Earhart.com</bookUserEmail>
		<bookUserType>CUS</bookUserType>
		<bookUserGeoCoord>39.208844;-94.62572</bookUserGeoCoord>
	</data>
	<data>
		<usr_title>MR</usr_title>
		<usr_last_name>Colomb</usr_last_name>
		<usr_first_name>Christophe</usr_first_name>
		<usr_work_num/>
		<usr_home_num/>
		<usr_cell_num>0678987654</usr_cell_num>
		<usr_address1>Corso italia</usr_address1>
		<usr_address2/>
		<usr_zipcode/>
		<usr_city>Gênes</usr_city>
		<usr_state/>
		<usr_country>IT</usr_country>
		<bookUserEmail>c@colomb.com</bookUserEmail>
		<bookUserType>CUS</bookUserType>
		<bookUserGeoCoord>44.3926208;8.9608058</bookUserGeoCoord>
	</data>
	<data>
		<usr_title>MR</usr_title>
		<usr_last_name>De Magellan</usr_last_name>
		<usr_first_name>Fernand</usr_first_name>
		<usr_work_num/>
		<usr_home_num/>
		<usr_cell_num>0789654333</usr_cell_num>
		<usr_address1>Av. Ribeira das Naus</usr_address1>
		<usr_address2/>
		<usr_zipcode/>
		<usr_city>Lisbonne</usr_city>
		<usr_state/>
		<usr_country>PT</usr_country>
		<bookUserEmail>fdm@magellan.com</bookUserEmail>
		<bookUserType>CUS</bookUserType>
		<bookUserGeoCoord>38.7058732;-9.1403231</bookUserGeoCoord>
	</data>
	<data>
		<usr_title>MRS</usr_title>
		<usr_last_name>Pfeiffer</usr_last_name>
		<usr_first_name>Ida</usr_first_name>
		<usr_work_num/>
		<usr_home_num/>
		<usr_cell_num>09876446677</usr_cell_num>
		<usr_address1>Prinz Eugene strass</usr_address1>
		<usr_address2/>
		<usr_zipcode/>
		<usr_city>Vienne</usr_city>
		<usr_state/>
		<usr_country>AT</usr_country>
		<bookUserEmail>i@pfeiffer.com</bookUserEmail>
		<bookUserType>CUS</bookUserType>
		<bookUserGeoCoord>48.192754;16.3786254</bookUserGeoCoord>
	</data>
	<data>
		<usr_title>MRS</usr_title>
		<usr_last_name>Barret</usr_last_name>
		<usr_first_name>Jeanne</usr_first_name>
		<usr_work_num/>
		<usr_home_num/>
		<usr_cell_num>0698765433</usr_cell_num>
		<usr_address1>rue de l'église</usr_address1>
		<usr_address2/>
		<usr_zipcode/>
		<usr_city>Saint Antoine de Breuilh</usr_city>
		<usr_state/>
		<usr_country>FR</usr_country>
		<bookUserEmail>j@barret.com</bookUserEmail>
		<bookUserType>CUS</bookUserType>
		<bookUserGeoCoord>44.8296791;0.1256739</bookUserGeoCoord>
	</data>
	<data>
		<usr_title>MR</usr_title>
		<usr_last_name>Polo</usr_last_name>
		<usr_first_name>Marco</usr_first_name>
		<usr_work_num/>
		<usr_home_num/>
		<usr_cell_num>0789654322</usr_cell_num>
		<usr_address1>Casa di Bepi Suà</usr_address1>
		<usr_address2/>
		<usr_zipcode/>
		<usr_city>Venise</usr_city>
		<usr_state/>
		<usr_country>IT</usr_country>
		<bookUserEmail>mp@polo.com</bookUserEmail>
		<bookUserType>CUS</bookUserType>
		<bookUserGeoCoord>45.4857731;12.4181989</bookUserGeoCoord>
	</data>
	<data>
		<usr_title>MR</usr_title>
		<usr_last_name>De Champlain</usr_last_name>
		<usr_first_name>Samuel</usr_first_name>
		<usr_work_num/>
		<usr_home_num/>
		<usr_cell_num>065866444444</usr_cell_num>
		<usr_address1>Boulevard des Trinitaires</usr_address1>
		<usr_address2/>
		<usr_zipcode/>
		<usr_city>Montréal</usr_city>
		<usr_state/>
		<usr_country>CA</usr_country>
		<bookUserEmail>sdc@champlain.com</bookUserEmail>
		<bookUserType>CUS</bookUserType>
		<bookUserGeoCoord>45.4462396;-73.5992813</bookUserGeoCoord>
	</data>
	<data>
		<usr_title>MR</usr_title>
		<usr_last_name>De Gama</usr_last_name>
		<usr_first_name>Vasco</usr_first_name>
		<usr_work_num/>
		<usr_home_num/>
		<usr_cell_num>0687554434</usr_cell_num>
		<usr_address1>Rua de Slagueiros</usr_address1>
		<usr_address2/>
		<usr_zipcode/>
		<usr_city>Porto</usr_city>
		<usr_state/>
		<usr_country>PT</usr_country>
		<bookUserEmail>vdg@gama.com</bookUserEmail>
		<bookUserType>CUS</bookUserType>
		<bookUserGeoCoord>41.1603287;-8.6165388</bookUserGeoCoord>
	</data>
</object>
</simplicite>
