<?xml version="1.0" encoding="UTF-8"?>
<simplicite xmlns:xsi="http://www.w3.org/2001/XMLSchema-instance" xmlns="http://www.simplicite.fr/base" xsi:schemaLocation="http://www.simplicite.fr/base https://www.simplicite.io/resources/schemas/base.xsd">
<object>
	<name>BookRoomEquipment</name>
	<action>upsert</action>
	<data>
		<bookEquLibell>Armoire ou penderie</bookEquLibell>
		<bookEquCode>REQU001</bookEquCode>
	</data>
	<data>
		<bookEquLibell>Gel hydroalcoolique</bookEquLibell>
		<bookEquCode>REQU002</bookEquCode>
	</data>
	<data>
		<bookEquLibell>Minibar</bookEquLibell>
		<bookEquCode>REQU003</bookEquCode>
	</data>
	<data>
		<bookEquLibell>Coffre-fort</bookEquLibell>
		<bookEquCode>REQU004</bookEquCode>
	</data>
	<data>
		<bookEquLibell>Bureau</bookEquLibell>
		<bookEquCode>REQU005</bookEquCode>
	</data>
	<data>
		<bookEquLibell>Téléphone</bookEquLibell>
		<bookEquCode>REQU006</bookEquCode>
	</data>
	<data>
		<bookEquLibell>Portant</bookEquLibell>
		<bookEquCode>REQU007</bookEquCode>
	</data>
	<data>
		<bookEquLibell>Matériel de repassage</bookEquLibell>
		<bookEquCode>REQU008</bookEquCode>
	</data>
	<data>
		<bookEquLibell>Moquette</bookEquLibell>
		<bookEquCode>REQU009</bookEquCode>
	</data>
</object>
<object>
	<name>BookPaymentMethod</name>
	<action>upsert</action>
	<data>
		<bookPaymCode>PAYM002</bookPaymCode>
		<bookPaymLibell>Paiement direct à l'hotel</bookPaymLibell>
	</data>
	<data>
		<bookPaymCode>PAYM003</bookPaymCode>
		<bookPaymLibell>Carte VISA</bookPaymLibell>
	</data>
	<data>
		<bookPaymCode>PAYM004</bookPaymCode>
		<bookPaymLibell>MasterCard</bookPaymLibell>
	</data>
	<data>
		<bookPaymCode>PAYM005</bookPaymCode>
		<bookPaymLibell>Carte bleue</bookPaymLibell>
	</data>
	<data>
		<bookPaymCode>PAYM006</bookPaymCode>
		<bookPaymLibell>Virement bancaire</bookPaymLibell>
	</data>
	<data>
		<bookPaymCode>PAYM007</bookPaymCode>
		<bookPaymLibell>Paypal</bookPaymLibell>
	</data>
</object>
<object>
	<name>BookRoomService</name>
	<action>upsert</action>
	<data>
		<bookRservCode>RSERV001</bookRservCode>
		<bookRservLibell>Parking</bookRservLibell>
	</data>
	<data>
		<bookRservCode>RSERV002</bookRservCode>
		<bookRservLibell>Connexion Wi-Fi gratuite</bookRservLibell>
	</data>
	<data>
		<bookRservCode>RSERV003</bookRservCode>
		<bookRservLibell>Chambres non-fumeurs</bookRservLibell>
	</data>
	<data>
		<bookRservCode>RSERV004</bookRservCode>
		<bookRservLibell>Réception ouvertes 24h/24</bookRservLibell>
	</data>
	<data>
		<bookRservCode>RSERV005</bookRservCode>
		<bookRservLibell>Services d'étage</bookRservLibell>
	</data>
	<data>
		<bookRservCode>RSERV006</bookRservCode>
		<bookRservLibell>Bar</bookRservLibell>
	</data>
	<data>
		<bookRservCode>RSERV007</bookRservCode>
		<bookRservLibell>Climatisation</bookRservLibell>
	</data>
	<data>
		<bookRservCode>RSERV008</bookRservCode>
		<bookRservLibell>Télévision à écran plat</bookRservLibell>
	</data>
</object>
<object>
	<name>BookRoomType</name>
	<action>upsert</action>
	<data>
		<bookRoomtypCode>RTYP001</bookRoomtypCode>
		<bookRoomtypType>Chambre simple</bookRoomtypType>
	</data>
	<data>
		<bookRoomtypCode>RTYP002</bookRoomtypCode>
		<bookRoomtypType>Chambre double</bookRoomtypType>
	</data>
	<data>
		<bookRoomtypCode>RTYP003</bookRoomtypCode>
		<bookRoomtypType>Chambre triple</bookRoomtypType>
	</data>
</object>
<object>
	<name>BookRoom</name>
	<action>upsert</action>
	<data>
		<bookRoomCode>ROOM001</bookRoomCode>
		<bookRoomLabel>Room1</bookRoomLabel>
		<bookRoomBookRoomTypeId.bookRoomtypCode>RTYP002</bookRoomBookRoomTypeId.bookRoomtypCode>
		<bookRoomBookRoomTypeId.bookRoomtypType>Chambre double</bookRoomBookRoomTypeId.bookRoomtypType>
		<bookRoomDesc><![CDATA[<p>Cette chambre situ&eacute;e c&ocirc;t&eacute; rue comporte une t&eacute;l&eacute;vision par satellite, une connexion Wi-Fi gratuite et une salle de bains privative.</p>
<p>This street-side room fe]]></bookRoomDesc>
		<bookRoomSuperficie>15</bookRoomSuperficie>
		<bookRoomFloor>0</bookRoomFloor>
		<bookRoomPhoto>BookRoom/bookRoomPhoto/0/1/rooms-best-room-1-1_800.jpg</bookRoomPhoto>
		<bookRoomPriceht>108</bookRoomPriceht>
	</data>
	<data>
		<bookRoomCode>ROOM002</bookRoomCode>
		<bookRoomLabel>Room 2</bookRoomLabel>
		<bookRoomBookRoomTypeId.bookRoomtypCode>RTYP002</bookRoomBookRoomTypeId.bookRoomtypCode>
		<bookRoomBookRoomTypeId.bookRoomtypType>Chambre double</bookRoomBookRoomTypeId.bookRoomtypType>
		<bookRoomDesc><![CDATA[<p>Lit double King size<br />Salle de bains avec douche et toilettes Entrée privée<br />Air conditionné et chauffage<br />Ventilateur<br /><br /></p>]]></bookRoomDesc>
		<bookRoomSuperficie>17</bookRoomSuperficie>
		<bookRoomFloor>0</bookRoomFloor>
		<bookRoomPhoto>BookRoom/bookRoomPhoto/0/2/pure-house-ibiza-best-2-3_800.jpg</bookRoomPhoto>
		<bookRoomPriceht>150</bookRoomPriceht>
	</data>
	<data>
		<bookRoomCode>ROOM003</bookRoomCode>
		<bookRoomLabel>Room 3</bookRoomLabel>
		<bookRoomBookRoomTypeId.bookRoomtypCode>RTYP001</bookRoomBookRoomTypeId.bookRoomtypCode>
		<bookRoomBookRoomTypeId.bookRoomtypType>Chambre simple</bookRoomBookRoomTypeId.bookRoomtypType>
		<bookRoomDesc/>
		<bookRoomSuperficie>12</bookRoomSuperficie>
		<bookRoomFloor>0</bookRoomFloor>
		<bookRoomPhoto>BookRoom/bookRoomPhoto/0/3/rooms-best-room-2_502.jpg</bookRoomPhoto>
		<bookRoomPriceht>50</bookRoomPriceht>
	</data>
	<data>
		<bookRoomCode>ROOM004</bookRoomCode>
		<bookRoomLabel>Room 4</bookRoomLabel>
		<bookRoomBookRoomTypeId.bookRoomtypCode>RTYP002</bookRoomBookRoomTypeId.bookRoomtypCode>
		<bookRoomBookRoomTypeId.bookRoomtypType>Chambre double</bookRoomBookRoomTypeId.bookRoomtypType>
		<bookRoomDesc><![CDATA[<p>Lit double Queen size<br />Salle de bains avec douche et toilettes Entrée privée<br />Petit patio privatif<br />Air conditionné et chauffage Minibar et snacks<br />Coffre fort</p>]]></bookRoomDesc>
		<bookRoomSuperficie>15</bookRoomSuperficie>
		<bookRoomFloor>1</bookRoomFloor>
		<bookRoomPhoto>BookRoom/bookRoomPhoto/0/4/rooms-intimate-room.jpg</bookRoomPhoto>
		<bookRoomPriceht>15</bookRoomPriceht>
	</data>
</object>
<object>
	<name>BookEquRoom</name>
	<action>upsert</action>
	<data>
		<bookEquroomEquId.bookEquCode>REQU001</bookEquroomEquId.bookEquCode>
		<bookEquroomEquId.bookEquLibell>Armoire ou penderie</bookEquroomEquId.bookEquLibell>
		<bookEquroomRoomId.bookRoomCode>ROOM002</bookEquroomRoomId.bookRoomCode>
		<bookEquroomRoomId.bookRoomLabel>Room 2</bookEquroomRoomId.bookRoomLabel>
	</data>
	<data>
		<bookEquroomEquId.bookEquCode>REQU006</bookEquroomEquId.bookEquCode>
		<bookEquroomEquId.bookEquLibell>Téléphone</bookEquroomEquId.bookEquLibell>
		<bookEquroomRoomId.bookRoomCode>ROOM002</bookEquroomRoomId.bookRoomCode>
		<bookEquroomRoomId.bookRoomLabel>Room 2</bookEquroomRoomId.bookRoomLabel>
	</data>
	<data>
		<bookEquroomEquId.bookEquCode>REQU007</bookEquroomEquId.bookEquCode>
		<bookEquroomEquId.bookEquLibell>Portant</bookEquroomEquId.bookEquLibell>
		<bookEquroomRoomId.bookRoomCode>ROOM002</bookEquroomRoomId.bookRoomCode>
		<bookEquroomRoomId.bookRoomLabel>Room 2</bookEquroomRoomId.bookRoomLabel>
	</data>
	<data>
		<bookEquroomEquId.bookEquCode>REQU008</bookEquroomEquId.bookEquCode>
		<bookEquroomEquId.bookEquLibell>Matériel de repassage</bookEquroomEquId.bookEquLibell>
		<bookEquroomRoomId.bookRoomCode>ROOM002</bookEquroomRoomId.bookRoomCode>
		<bookEquroomRoomId.bookRoomLabel>Room 2</bookEquroomRoomId.bookRoomLabel>
	</data>
	<data>
		<bookEquroomEquId.bookEquCode>REQU004</bookEquroomEquId.bookEquCode>
		<bookEquroomEquId.bookEquLibell>Coffre-fort</bookEquroomEquId.bookEquLibell>
		<bookEquroomRoomId.bookRoomCode>ROOM001</bookEquroomRoomId.bookRoomCode>
		<bookEquroomRoomId.bookRoomLabel>Room1</bookEquroomRoomId.bookRoomLabel>
	</data>
	<data>
		<bookEquroomEquId.bookEquCode>REQU006</bookEquroomEquId.bookEquCode>
		<bookEquroomEquId.bookEquLibell>Téléphone</bookEquroomEquId.bookEquLibell>
		<bookEquroomRoomId.bookRoomCode>ROOM001</bookEquroomRoomId.bookRoomCode>
		<bookEquroomRoomId.bookRoomLabel>Room1</bookEquroomRoomId.bookRoomLabel>
	</data>
	<data>
		<bookEquroomEquId.bookEquCode>REQU005</bookEquroomEquId.bookEquCode>
		<bookEquroomEquId.bookEquLibell>Bureau</bookEquroomEquId.bookEquLibell>
		<bookEquroomRoomId.bookRoomCode>ROOM001</bookEquroomRoomId.bookRoomCode>
		<bookEquroomRoomId.bookRoomLabel>Room1</bookEquroomRoomId.bookRoomLabel>
	</data>
	<data>
		<bookEquroomEquId.bookEquCode>REQU001</bookEquroomEquId.bookEquCode>
		<bookEquroomEquId.bookEquLibell>Armoire ou penderie</bookEquroomEquId.bookEquLibell>
		<bookEquroomRoomId.bookRoomCode>ROOM003</bookEquroomRoomId.bookRoomCode>
		<bookEquroomRoomId.bookRoomLabel>Room 3</bookEquroomRoomId.bookRoomLabel>
	</data>
	<data>
		<bookEquroomEquId.bookEquCode>REQU001</bookEquroomEquId.bookEquCode>
		<bookEquroomEquId.bookEquLibell>Armoire ou penderie</bookEquroomEquId.bookEquLibell>
		<bookEquroomRoomId.bookRoomCode>ROOM004</bookEquroomRoomId.bookRoomCode>
		<bookEquroomRoomId.bookRoomLabel>Room 4</bookEquroomRoomId.bookRoomLabel>
	</data>
	<data>
		<bookEquroomEquId.bookEquCode>REQU007</bookEquroomEquId.bookEquCode>
		<bookEquroomEquId.bookEquLibell>Portant</bookEquroomEquId.bookEquLibell>
		<bookEquroomRoomId.bookRoomCode>ROOM004</bookEquroomRoomId.bookRoomCode>
		<bookEquroomRoomId.bookRoomLabel>Room 4</bookEquroomRoomId.bookRoomLabel>
	</data>
	<data>
		<bookEquroomEquId.bookEquCode>REQU006</bookEquroomEquId.bookEquCode>
		<bookEquroomEquId.bookEquLibell>Téléphone</bookEquroomEquId.bookEquLibell>
		<bookEquroomRoomId.bookRoomCode>ROOM004</bookEquroomRoomId.bookRoomCode>
		<bookEquroomRoomId.bookRoomLabel>Room 4</bookEquroomRoomId.bookRoomLabel>
	</data>
</object>
<object>
	<name>BookRoomBookRoomService</name>
	<action>upsert</action>
	<data>
		<bookroomservBookRoomId.bookRoomCode>ROOM001</bookroomservBookRoomId.bookRoomCode>
		<bookroomservBookRoomId.bookRoomLabel>Room1</bookroomservBookRoomId.bookRoomLabel>
		<bookroomservBookServiceId.bookRservCode>RSERV001</bookroomservBookServiceId.bookRservCode>
		<bookroomservBookServiceId.bookRservLibell>Parking</bookroomservBookServiceId.bookRservLibell>
	</data>
	<data>
		<bookroomservBookRoomId.bookRoomCode>ROOM001</bookroomservBookRoomId.bookRoomCode>
		<bookroomservBookRoomId.bookRoomLabel>Room1</bookroomservBookRoomId.bookRoomLabel>
		<bookroomservBookServiceId.bookRservCode>RSERV003</bookroomservBookServiceId.bookRservCode>
		<bookroomservBookServiceId.bookRservLibell>Chambres non-fumeurs</bookroomservBookServiceId.bookRservLibell>
	</data>
	<data>
		<bookroomservBookRoomId.bookRoomCode>ROOM001</bookroomservBookRoomId.bookRoomCode>
		<bookroomservBookRoomId.bookRoomLabel>Room1</bookroomservBookRoomId.bookRoomLabel>
		<bookroomservBookServiceId.bookRservCode>RSERV002</bookroomservBookServiceId.bookRservCode>
		<bookroomservBookServiceId.bookRservLibell>Connexion Wi-Fi gratuite</bookroomservBookServiceId.bookRservLibell>
	</data>
	<data>
		<bookroomservBookRoomId.bookRoomCode>ROOM002</bookroomservBookRoomId.bookRoomCode>
		<bookroomservBookRoomId.bookRoomLabel>Room 2</bookroomservBookRoomId.bookRoomLabel>
		<bookroomservBookServiceId.bookRservCode>RSERV001</bookroomservBookServiceId.bookRservCode>
		<bookroomservBookServiceId.bookRservLibell>Parking</bookroomservBookServiceId.bookRservLibell>
	</data>
	<data>
		<bookroomservBookRoomId.bookRoomCode>ROOM002</bookroomservBookRoomId.bookRoomCode>
		<bookroomservBookRoomId.bookRoomLabel>Room 2</bookroomservBookRoomId.bookRoomLabel>
		<bookroomservBookServiceId.bookRservCode>RSERV007</bookroomservBookServiceId.bookRservCode>
		<bookroomservBookServiceId.bookRservLibell>Climatisation</bookroomservBookServiceId.bookRservLibell>
	</data>
	<data>
		<bookroomservBookRoomId.bookRoomCode>ROOM002</bookroomservBookRoomId.bookRoomCode>
		<bookroomservBookRoomId.bookRoomLabel>Room 2</bookroomservBookRoomId.bookRoomLabel>
		<bookroomservBookServiceId.bookRservCode>RSERV005</bookroomservBookServiceId.bookRservCode>
		<bookroomservBookServiceId.bookRservLibell>Services d'étage</bookroomservBookServiceId.bookRservLibell>
	</data>
	<data>
		<bookroomservBookRoomId.bookRoomCode>ROOM002</bookroomservBookRoomId.bookRoomCode>
		<bookroomservBookRoomId.bookRoomLabel>Room 2</bookroomservBookRoomId.bookRoomLabel>
		<bookroomservBookServiceId.bookRservCode>RSERV004</bookroomservBookServiceId.bookRservCode>
		<bookroomservBookServiceId.bookRservLibell>Réception ouvertes 24h/24</bookroomservBookServiceId.bookRservLibell>
	</data>
	<data>
		<bookroomservBookRoomId.bookRoomCode>ROOM002</bookroomservBookRoomId.bookRoomCode>
		<bookroomservBookRoomId.bookRoomLabel>Room 2</bookroomservBookRoomId.bookRoomLabel>
		<bookroomservBookServiceId.bookRservCode>RSERV003</bookroomservBookServiceId.bookRservCode>
		<bookroomservBookServiceId.bookRservLibell>Chambres non-fumeurs</bookroomservBookServiceId.bookRservLibell>
	</data>
	<data>
		<bookroomservBookRoomId.bookRoomCode>ROOM002</bookroomservBookRoomId.bookRoomCode>
		<bookroomservBookRoomId.bookRoomLabel>Room 2</bookroomservBookRoomId.bookRoomLabel>
		<bookroomservBookServiceId.bookRservCode>RSERV002</bookroomservBookServiceId.bookRservCode>
		<bookroomservBookServiceId.bookRservLibell>Connexion Wi-Fi gratuite</bookroomservBookServiceId.bookRservLibell>
	</data>
	<data>
		<bookroomservBookRoomId.bookRoomCode>ROOM003</bookroomservBookRoomId.bookRoomCode>
		<bookroomservBookRoomId.bookRoomLabel>Room 3</bookroomservBookRoomId.bookRoomLabel>
		<bookroomservBookServiceId.bookRservCode>RSERV003</bookroomservBookServiceId.bookRservCode>
		<bookroomservBookServiceId.bookRservLibell>Chambres non-fumeurs</bookroomservBookServiceId.bookRservLibell>
	</data>
	<data>
		<bookroomservBookRoomId.bookRoomCode>ROOM003</bookroomservBookRoomId.bookRoomCode>
		<bookroomservBookRoomId.bookRoomLabel>Room 3</bookroomservBookRoomId.bookRoomLabel>
		<bookroomservBookServiceId.bookRservCode>RSERV007</bookroomservBookServiceId.bookRservCode>
		<bookroomservBookServiceId.bookRservLibell>Climatisation</bookroomservBookServiceId.bookRservLibell>
	</data>
	<data>
		<bookroomservBookRoomId.bookRoomCode>ROOM003</bookroomservBookRoomId.bookRoomCode>
		<bookroomservBookRoomId.bookRoomLabel>Room 3</bookroomservBookRoomId.bookRoomLabel>
		<bookroomservBookServiceId.bookRservCode>RSERV004</bookroomservBookServiceId.bookRservCode>
		<bookroomservBookServiceId.bookRservLibell>Réception ouvertes 24h/24</bookroomservBookServiceId.bookRservLibell>
	</data>
	<data>
		<bookroomservBookRoomId.bookRoomCode>ROOM003</bookroomservBookRoomId.bookRoomCode>
		<bookroomservBookRoomId.bookRoomLabel>Room 3</bookroomservBookRoomId.bookRoomLabel>
		<bookroomservBookServiceId.bookRservCode>RSERV002</bookroomservBookServiceId.bookRservCode>
		<bookroomservBookServiceId.bookRservLibell>Connexion Wi-Fi gratuite</bookroomservBookServiceId.bookRservLibell>
	</data>
	<data>
		<bookroomservBookRoomId.bookRoomCode>ROOM004</bookroomservBookRoomId.bookRoomCode>
		<bookroomservBookRoomId.bookRoomLabel>Room 4</bookroomservBookRoomId.bookRoomLabel>
		<bookroomservBookServiceId.bookRservCode>RSERV004</bookroomservBookServiceId.bookRservCode>
		<bookroomservBookServiceId.bookRservLibell>Réception ouvertes 24h/24</bookroomservBookServiceId.bookRservLibell>
	</data>
	<data>
		<bookroomservBookRoomId.bookRoomCode>ROOM004</bookroomservBookRoomId.bookRoomCode>
		<bookroomservBookRoomId.bookRoomLabel>Room 4</bookroomservBookRoomId.bookRoomLabel>
		<bookroomservBookServiceId.bookRservCode>RSERV007</bookroomservBookServiceId.bookRservCode>
		<bookroomservBookServiceId.bookRservLibell>Climatisation</bookroomservBookServiceId.bookRservLibell>
	</data>
	<data>
		<bookroomservBookRoomId.bookRoomCode>ROOM004</bookroomservBookRoomId.bookRoomCode>
		<bookroomservBookRoomId.bookRoomLabel>Room 4</bookroomservBookRoomId.bookRoomLabel>
		<bookroomservBookServiceId.bookRservCode>RSERV003</bookroomservBookServiceId.bookRservCode>
		<bookroomservBookServiceId.bookRservLibell>Chambres non-fumeurs</bookroomservBookServiceId.bookRservLibell>
	</data>
	<data>
		<bookroomservBookRoomId.bookRoomCode>ROOM004</bookroomservBookRoomId.bookRoomCode>
		<bookroomservBookRoomId.bookRoomLabel>Room 4</bookroomservBookRoomId.bookRoomLabel>
		<bookroomservBookServiceId.bookRservCode>RSERV002</bookroomservBookServiceId.bookRservCode>
		<bookroomservBookServiceId.bookRservLibell>Connexion Wi-Fi gratuite</bookroomservBookServiceId.bookRservLibell>
	</data>
</object>
</simplicite>
